nomedisc,periodo,horario,local,material,professordisc,statusdisc
Qwrukrpa,6,04:38,Kqkq,Zcyq,Ndbj,Concluida
Mmsrbztn,6,03:57,Aqku,Qdex,Cwpi,Concluida
Kocbjyir,5,22:21,Jclg,Vbnx,Wygx,Concluida
Fxmmycrz,3,14:52,Rfct,Xqbp,Nvbf,Concluida
Hpntiajd,8,14:23,Rfmv,Ygbr,Jzyk,Concluida
Nlmfrlyn,7,12:38,Ekza,Ggwy,Heee,Concluida
Renjvxqy,7,24:17,Dqha,Xtsr,Kbnb,Concluida
Mwhxrlbs,1,01:10,Nvxy,Vrjy,Hmfc,Concluida
Myulmoar,8,01:39,Dgow,Yxru,Hzfi,Concluida
Ywsqgedl,1,02:27,Kuqm,Etbx,Dvyq,Concluida
Mjkwfqrs,1,01:25,Tivo,Iadz,Zycv,Concluida
Tapzpsoo,6,22:43,Iede,Zuxs,Momo,Concluida
Hrrlfpue,5,12:51,Zzoq,Tewc,Hhwd,Concluida
Nofhhyho,1,21:14,Acik,Acgn,Ijno,Concluida
Iacpytbb,2,21:43,Iqmb,Zylb,Ejbx,Concluida
Cyccsamj,9,04:28,Ouzz,Dnay,Kavf,Concluida
Yhjgdkvp,7,04:23,Fqbk,Swnb,Fbhg,Concluida
Fnbaxbhm,8,24:24,Fozl,Hrfv,Cqcg,Concluida
Prhhypzi,1,14:25,Qbhr,Xcnh,Zdnw,Concluida
Hgwqridu,7,11:58,Nblz,Eaju,Nqfr,Concluida
Juacqszx,6,23:49,Mles,Sipx,Rayj,Concluida
Ijccmmat,8,04:53,Kewz,Vyml,Fkrf,Concluida
Cxbjhxgx,6,24:15,Zspd,Gwdx,Jhfm,Concluida
Wzpdpauk,9,02:29,Mxin,Dmvv,Ekju,Concluida
Dqsenrwj,6,24:55,Zomy,Amsb,Eosu,Concluida
Drlxqjhf,7,14:57,Nxba,Zlto,Sckp,Concluida
Vjofhhfh,8,04:38,Ixyf,Ppou,Itgc,Concluida
Lkekypqw,4,04:57,Sqgv,Sbwg,Ykpq,Concluida
Hlhxeoqb,8,12:19,Tspa,Vxdv,Nczv,Concluida
Ybeyejmb,7,21:14,Nmog,Ontd,Peul,Concluida
Qqlxashc,7,04:16,Gxxd,Vity,Jstw,Concluida
Ppebwzzx,3,12:35,Igmn,Skhz,Sxbi,Concluida
Ktmmbyhh,7,11:49,Hpcg,Fnzd,Eocf,Concluida
Spmwaqxu,7,02:31,Xtcl,Cdmn,Dmjt,Concluida
Iwkemass,9,23:30,Taht,Pxtu,Lexs,Concluida
Ziygippc,9,23:13,Quto,Erxb,Pwse,Concluida
Bcnjpssw,8,12:28,Sgau,Jell,Izoz,Concluida
Ccoakduw,2,03:28,Hixu,Zqpm,Bzjq,Concluida
Ezmqnvms,2,24:44,Asdc,Xdoa,Lizr,Concluida
Hcvvuljg,5,12:37,Uaga,Biqk,Cbkl,Concluida
Qaxkwrli,3,11:59,Olwg,Ihhj,Ofqx,Concluida
Uqmpwwwd,6,04:40,Vzvk,Nbag,Lola,Concluida
Pmeqhypd,9,23:38,Gtgd,Lszu,Pwav,Concluida
Mfwukgxo,7,01:44,Ynit,Rusi,Nhjc,Concluida
Xeffercc,2,11:44,Ewpp,Svlk,Jfdt,Concluida
Iezgdivw,1,12:24,Efuw,Emiz,Ling,Concluida
Qgsdcqtq,7,11:35,Aybs,Bmfl,Mrzk,Concluida
Gmpfgise,3,14:41,Ulxm,Igww,Rqji,Concluida
Kzlchshf,2,12:53,Eplf,Nzls,Kajh,Concluida
Wqizoonf,1,03:45,Tzcu,Bmru,Xxbt,Concluida
Pdkybsiv,9,22:21,Jlnw,Vrpn,Dfca,Concluida
Zxtukcnb,7,11:25,Hwbr,Ttpo,Usgg,Concluida
Tlnyukni,1,03:35,Bdey,Dokd,Vdrt,Concluida
Ybmzdhjm,2,02:34,Faaj,Rpnp,Zjwd,Concluida
Feemqsmb,3,02:20,Ivel,Ltoc,Ipsr,Concluida
Wixbovcy,3,13:51,Omfk,Lfgv,Dmzl,Concluida
Swxcvhoj,3,21:20,Hmoj,Scsc,Xqme,Concluida
Dowgipdx,9,01:34,Ccum,Ebah,Mueg,Concluida
Crmmmefa,7,23:35,Myoz,Qeay,Kdta,Concluida
Bhmlrubk,7,22:32,Skgv,Bmam,Dqkh,Concluida
Skpqluts,4,12:47,Wrjv,Hcwk,Ymfl,Concluida
Ghddewxs,2,24:28,Wqmi,Szvn,Bqlc,Concluida
Ynirrtwy,2,14:49,Zbwn,Xugq,Gbor,Concluida
Pqlnpnzk,7,21:41,Lxpv,Rdkg,Wmkt,Concluida
Fexnuxoy,2,22:29,Tqil,Gvhe,Arjr,Concluida
Pxwbppsa,1,23:20,Rmhw,Tlqf,Aoyj,Concluida
Hpsolcld,3,02:46,Xckr,Dfyk,Dvjb,Concluida
Clfreabo,8,01:35,Msnx,Vtfe,Nvuu,Concluida
Wrbfznbn,6,01:56,Omlr,Raun,Ojoh,Concluida
Frdamqkn,7,11:36,Jyig,Gmfy,Whmb,Concluida
Ueuqkwyk,7,01:30,Zgze,Fpbq,Fuwd,Concluida
Xsbbuyoi,4,02:24,Spay,Teot,Nwrh,Concluida
Dlrvfrdx,8,22:13,Gccg,Sijc,Ikaq,Concluida
Xslgjgrz,8,02:38,Dtlt,Pwmf,Zcin,Concluida
Cqvoojob,6,03:30,Jlmp,Yqkz,Dbyx,Concluida
Sohrzjug,8,22:41,Plzb,Uiuc,Cfdb,Concluida
Gfzsnnmx,2,21:56,Moyb,Fueb,Sjlo,Concluida
Qwhhinyx,5,13:54,Rlzn,Rmec,Vdsw,Concluida
Rgpcxxux,7,24:18,Lrvx,Kikl,Okvl,Concluida
Dtalbsim,5,21:10,Sbvw,Ijed,Ndzb,Concluida
Ejmtthin,2,03:43,Jerd,Arqn,Lgxk,Concluida
Mzhtxwbo,2,04:32,Mily,Lcnk,Pfzm,Concluida
Pkotimlh,3,22:49,Oamu,Iurp,Ymbs,Concluida
Zbhitvll,6,14:36,Lzyw,Ognj,Nndp,Concluida
Rqgmagyk,6,24:20,Rhwg,Rwkm,Uvdd,Concluida
Lgirkudh,7,21:12,Ocxs,Vini,Kkvj,Concluida
Rxtdqsgo,1,14:11,Zeoe,Szfq,Rpmm,Concluida
Qnillutw,5,04:17,Lhmh,Btnb,Cpyn,Concluida
Fhkkfptg,8,21:44,Isox,Lrxb,Bmes,Concluida
Hatjlbqk,9,04:17,Jwcy,Zgey,Kvij,Concluida
Qijiipbm,4,23:12,Rwqa,Fahl,Hngl,Concluida
Rktxhunx,1,24:33,Cvit,Xfvi,Gmpi,Concluida
Wozbudku,4,12:54,Rldp,Kunq,Vnhf,Concluida
Hefugakk,3,22:13,Jgfs,Lakc,Nwbh,Concluida
Qrcwsyid,7,02:17,Qqvl,Ukyh,Ufww,Concluida
Tkxscufz,1,04:17,Jnaj,Thwa,Rmxh,Concluida
Prbxxuep,5,02:52,Xnhz,Hnmy,Uxgi,Concluida
Anjqaedw,1,04:49,Gqnn,Vnze,Imrc,Concluida
Ifxwykpz,2,02:25,Vxmb,Ekkt,Gyxd,Concluida
Zxfxracy,6,14:47,Icmd,Xhma,Nouc,Concluida
Jyohcwcj,6,24:28,Gqsx,Fcls,Xtll,Concluida
Htqbzedc,3,13:55,Lvil,Omgp,Lpvs,Concluida
Iwnzgzxz,5,03:59,Hlye,Bjvv,Fslp,Concluida
Mbjnxcal,2,22:27,Zqhj,Mkqs,Rhwz,Concluida
Hmpjcagl,9,04:25,Tssm,Umol,Awji,Concluida
Jqhcoocx,2,04:55,Odqc,Iuxr,Rxsh,Concluida
Bzzqpvtw,3,22:55,Znlw,Rosf,Gcsa,Concluida
Funsgajf,7,13:38,Recu,Iqds,Gmmn,Concluida
Arkxheew,4,12:27,Mgvn,Aauh,Onre,Concluida
Zhhcrzka,5,03:24,Etwe,Bgbx,Ikek,Concluida
Hgjtfzdu,6,12:24,Isfg,Fadk,Cieg,Concluida
Dykicnza,8,03:30,Axdw,Nxsq,Onli,Concluida
Sbkuqraa,9,21:56,Xxcw,Fecc,Pqtu,Concluida
Npawmfpk,6,12:42,Rszz,Dgtv,Wywm,Concluida
Ptpnvwtk,5,11:49,Qecj,Dxhk,Rthq,Concluida
Hbdswmcy,3,13:19,Bzjs,Fiwg,Bdjq,Concluida
Gdcuzluw,5,23:20,Fxjo,Cmgq,Ecio,Concluida
Hdghotob,3,02:43,Qddg,Ejcm,Hvjt,Concluida
Pfcgexpc,6,01:37,Yeok,Figv,Pxma,Concluida
Zlhfmlpf,2,21:32,Hkjy,Wgsd,Wsik,Concluida
Amvlagdy,4,12:52,Umrv,Kelf,Eune,Concluida
Xaydtgru,4,13:10,Ibip,Yuam,Gcpg,Concluida
Pveqswtv,3,11:54,Uadr,Ikks,Ofrd,Concluida
Trsodxnd,1,11:38,Oltg,Seoc,Gjas,Concluida
Uhqmvoac,2,02:25,Wvgv,Iqua,Ihah,Concluida
Fctawcxq,4,02:44,Iwfo,Lmlk,Ilpx,Concluida
Sjyatuyc,3,01:23,Pvsd,Lvkx,Xuxn,Concluida
Etawfnvj,5,12:55,Cdsx,Lqhw,Hcic,Concluida
Yimtomdg,7,04:24,Wsbk,Djqo,Zpwj,Concluida
Tomplwlm,5,13:29,Qgds,Fmxp,Qtpe,Concluida
Zgxphvps,3,11:45,Vzkp,Pzto,Qdge,Concluida
Kfchycfc,5,22:40,Jxob,Ijcz,Antt,Concluida
Cvfgkvqm,4,11:41,Lfax,Ekbi,Lesk,Concluida
Cikfnbna,1,01:13,Qlfw,Mgpw,Oeru,Concluida
Mdavqnpq,8,21:17,Game,Nrmw,Camj,Concluida
Dznbvqjv,1,22:35,Vgfk,Wnbr,Vtop,Concluida
Ttpkclgf,5,03:44,Cwtw,Njaj,Bjvr,Concluida
Kwyeqopl,5,14:16,Tywd,Ygdp,Pvyp,Concluida
Vvrvmosm,5,11:29,Ybpw,Nlkl,Xlqt,Concluida
Yrwbpvvo,3,02:55,Opea,Fbnc,Bqzf,Concluida
Jlomrlwq,7,21:44,Zgte,Ynpk,Zogh,Concluida
Lazetuld,6,03:32,Tvqd,Olkp,Jbef,Concluida
Gkgqidkh,1,22:51,Pkkb,Nvgj,Mwoi,Concluida
Gzrbmkeg,4,12:32,Unrb,Fuow,Lnmp,Concluida
Hgtxjpoz,1,22:54,Hcfr,Butu,Yfxw,Concluida
Odnvbscs,4,24:49,Xjit,Mpgy,Pfcq,Concluida
Eyskawat,7,04:44,Vsmm,Vxle,Eytj,Concluida
Yogwyozj,8,03:19,Oahj,Jnvm,Ibgv,Concluida
Kjfqpjyv,9,14:13,Gvip,Owcq,Crcd,Concluida
Lmzxuwzp,5,23:54,Blfv,Zqbp,Llrk,Concluida
Uldzuwoq,4,04:51,Iotk,Lzge,Wosk,Concluida
Scxdmypy,3,02:34,Ozgw,Nnee,Qkaq,Concluida
Tznzwwzt,7,21:50,Exds,Hbac,Eqlm,Concluida
Dnoaouhm,5,23:18,Bltq,Khqp,Wmmt,Concluida
Rpsttxam,5,22:42,Crqk,Oqwt,Wgnc,Concluida
Tjcbfvsq,1,02:33,Zszi,Gldf,Jlkx,Concluida
Vczjjzhq,5,14:50,Rmqo,Phqw,Wtho,Concluida
Affgpjsg,2,23:44,Mmfx,Gkxn,Fupw,Concluida
Zbhfmvzi,2,14:28,Hmvs,Ynqi,Vtmp,Concluida
Frbvxxff,8,24:52,Twym,Dvbh,Plnm,Concluida
Wuvjsqkx,8,03:11,Enrj,Lbgz,Cnfv,Concluida
Osninqtk,3,13:38,Ggcj,Ctac,Zvcs,Concluida
Pcgygnbu,2,24:51,Usgw,Iyil,Qzdp,Concluida
Yucssdcm,6,04:14,Igeq,Ofkh,Wauj,Concluida
Exrxxlcz,2,02:46,Dlat,Gyih,Kuyb,Concluida
Esnfyvhi,1,22:21,Nvdb,Xgyk,Hupa,Concluida
Uogkicxe,7,23:42,Soua,Awdn,Kekr,Concluida
Truzhugn,1,21:19,Fdjb,Hdow,Vekq,Concluida
Gxakvbqt,8,23:35,Xhtk,Oewh,Rsgp,Concluida
Ijyqadty,4,21:22,Dqfh,Hukd,Nrtp,Concluida
Pipgachc,4,12:43,Dhgt,Zjmi,Klla,Concluida
Wrynrhlw,6,01:36,Dvhe,Dfvm,Xjyt,Concluida
Dwpgtmen,6,24:59,Foxv,Qmjx,Olty,Concluida
Kpyklovg,9,03:55,Nige,Ippu,Jsqb,Concluida
Gcvfsupe,1,01:31,Dmih,Fxjd,Xvjw,Concluida
Dbawadug,9,01:49,Qwrq,Zqhz,Klgr,Concluida
Wcfnvkns,5,11:16,Ajuj,Wnzu,Jaei,Concluida
Zbzkemzu,1,24:41,Cgjg,Omim,Ggut,Concluida
Nepvmxri,9,12:40,Vpkt,Qkqz,Hook,Concluida
Rxexcifs,4,11:35,Luxk,Zohx,Gsjw,Concluida
Medisbpb,6,14:36,Rcjn,Rjcf,Ofov,Concluida
Mdbqxtys,2,22:42,Unnl,Trer,Gcet,Concluida
Srvkxibf,3,23:31,Pnet,Kczl,Ickw,Concluida
Lciucodc,4,11:10,Jtfh,Bpwn,Pgqc,Concluida
Wducinjo,4,23:27,Imka,Cbol,Moty,Concluida
Hyjelzir,3,23:33,Gxlo,Mprh,Bygg,Concluida
Thkwntcd,1,12:14,Hszh,Xuuz,Qlyf,Concluida
Obpkaiuh,3,23:29,Jkvm,Chwr,Xmef,Concluida
Iqnxeleu,4,12:52,Cnme,Webi,Zhis,Concluida
Fvrsnvss,5,03:53,Cply,Jrss,Kjrf,Concluida
Ebrftqwt,6,22:56,Zosg,Dkjq,Yazd,Concluida
Xybesgki,6,13:56,Ybxj,Kmlh,Bugq,Concluida
Qnjdbvxn,3,04:21,Qmqt,Xjld,Wwyw,Concluida
Xealrgvx,6,14:50,Aism,Fidp,Gefb,Concluida
Svvbffea,7,22:37,Fgzy,Hnvw,Pgfz,Concluida
Rlbomxev,6,13:17,Uxij,Irmh,Zckk,Concluida
Oqpmvubh,1,11:47,Fwoo,Lvgh,Colv,Concluida
Gqngqszg,7,21:49,Smco,Mtnc,Eedz,Concluida
Qkyuuuiv,3,11:20,Bcqt,Ubgb,Yqng,Concluida
Lnreitlw,4,14:27,Vxnf,Soju,Qxbr,Concluida
Ejwnhrca,2,01:42,Sqzx,Jdhb,Clmi,Concluida
Bzxuiisw,4,04:36,Dhya,Zclm,Ygcy,Concluida
Xsgztqhz,9,04:23,Yiaw,Ofpz,Hoan,Concluida
Dflbnymb,3,13:44,Snjk,Kzsp,Gyzk,Concluida
Iigydgyx,6,01:18,Hjhr,Cyyb,Zjeq,Concluida
Xtliivpp,2,11:10,Wgoj,Ovzv,Knas,Concluida
Lbnzhlsx,1,24:26,Gthw,Tuck,Krmw,Concluida
Lathjgml,2,14:12,Niwp,Isik,Eiyg,Concluida
Ftpofmys,5,14:14,Wjkj,Hjij,Ihvk,Concluida
Seyrglrt,6,21:40,Jpdu,Xzmv,Qxod,Concluida
Myegwsyg,6,01:43,Ocve,Cctl,Mwqa,Concluida
Tzrrhrxn,9,23:15,Rogo,Dozh,Xwcy,Concluida
Adfrvtud,6,13:38,Kexo,Psjw,Glln,Concluida
Olmeukqe,7,02:10,Frko,Rcjx,Ddtt,Concluida
Wyfajuct,5,24:51,Tmfo,Bhfv,Agqf,Concluida
Fuvdmgex,9,02:24,Tlar,Yvbw,Wmjk,Concluida
Oocespjm,3,03:12,Zuhc,Twyb,Bido,Concluida
Icwnwkgz,1,04:37,Ulue,Pycg,Nskv,Concluida
Kaspkzke,2,02:35,Ykdl,Pftx,Qaqc,Concluida
Ebukkrod,2,24:28,Jmfx,Yosf,Qgwj,Concluida
Fnvmfjgs,8,13:32,Cgyl,Vyax,Qsiw,Concluida
Elarfici,8,02:29,Kupg,Rojz,Saju,Concluida
Anjditvm,1,02:40,Fqvz,Gcjm,Dnqa,Concluida
Nkvisvni,4,11:35,Ltza,Oqiv,Paox,Concluida
Vsewkgpl,2,03:42,Ajaw,Nrzi,Jamh,Concluida
Cdpqohsa,4,01:47,Uxel,Jwpz,Ammo,Concluida
Qnnntynd,1,21:53,Nfin,Xhow,Kshi,Concluida
Tqlvzunc,4,21:42,Vwou,Ubnv,Hudb,Concluida
Deubgure,8,01:38,Tuhu,Urxb,Abrh,Concluida
Rtpbfgjo,6,13:17,Sitb,Owjc,Aogf,Concluida
Sztjznoi,6,02:58,Qael,Refh,Fwbd,Concluida
Qzxojyob,3,01:34,Iwzd,Wdui,Wtfu,Concluida
Idofwstz,7,01:50,Mhlp,Pbaq,Yeih,Concluida
Gafrualb,5,24:46,Rpga,Ibmd,Qptq,Concluida
Sytyrfrx,7,23:24,Vusu,Yezo,Cese,Concluida
Bkcdzdjr,4,03:22,Icdz,Unda,Laky,Concluida
Jiinxswu,6,04:57,Adeu,Ntvn,Imvn,Concluida
Urljpnbe,1,22:38,Sdlb,Rlta,Ulav,Concluida
Vpkpiwwj,9,23:35,Zsel,Xzrb,Xquo,Concluida
Luxsrvkk,4,01:40,Xauz,Doyb,Rele,Concluida
Dmxsurky,3,14:49,Rpbs,Ydze,Ihyp,Concluida
Mhzlbmpg,4,24:55,Rbsh,Dbni,Iclq,Concluida
Qmvejfqn,3,22:30,Wfji,Xfiz,Umfa,Concluida
Oiiyjujx,8,03:39,Hclf,Pxjl,Qrqs,Concluida
Ruabrjqh,7,21:51,Fxdo,Mszk,Xlvb,Concluida
Fnazkzek,7,23:24,Bhod,Haxd,Zsym,Concluida
Ffeiyqei,6,21:20,Qcug,Pvhq,Uoej,Concluida
Msnwgjkp,2,04:20,Oxte,Gjpx,Igms,Concluida
Fhuijzzo,2,23:19,Aamv,Tufu,Pekd,Concluida
Roqlnljd,4,22:22,Suqb,Bsky,Hhyi,Concluida
Vmjxmnbg,6,13:41,Jvms,Efob,Ecvj,Concluida
Ehowlkkb,8,12:20,Vgkm,Tqzm,Hdmw,Concluida
Vhsstqep,9,11:56,Bffc,Dqtd,Rouu,Concluida
Sunvvzzc,8,23:27,Xvbx,Pwgc,Mojd,Concluida
Odqvgiwe,9,01:53,Sqik,Pagq,Ahyh,Concluida
Jvbtulsw,6,21:53,Lrwq,Uorz,Zcld,Concluida
Xgriwctd,2,03:24,Pxpx,Jegv,Tilh,Concluida
Cmemeqvg,1,14:37,Dzxh,Vchb,Iaim,Concluida
Gvndcvms,2,02:19,Yqec,Bxww,Dzks,Concluida
Afkvywds,4,04:41,Altk,Blpk,Uhad,Concluida
Ubojvetl,7,22:55,Iwem,Afip,Vjxb,Concluida
Poozmpip,5,13:12,Lwps,Mtyp,Gxkr,Concluida
Wtpkbyml,5,24:42,Icjz,Vbtp,Bgew,Concluida
Iqqlttss,5,22:54,Aqjk,Zsao,Pgyc,Concluida
Kmawokck,5,24:55,Oaat,Spnx,Bttp,Concluida
Ryvyhdtg,3,14:50,Fnst,Pqfx,Mgvc,Concluida
Zeyvohxv,9,12:57,Lwnj,Ietn,Pjgi,Concluida
Nhsaxdpl,7,24:58,Bccd,Jdlj,Drfe,Concluida
Wnpoiqaa,6,04:32,Flil,Aevl,Jwkb,Concluida
Eusivpcq,2,12:55,Nwle,Bkuu,Zixz,Concluida
Dinfqmtl,6,24:38,Jzsc,Dlza,Ustt,Concluida
Qlxqjcdg,7,14:55,Xxzp,Lbgw,Wssg,Concluida
Iidxwwol,5,11:34,Jlzx,Pimi,Szwj,Concluida
Jfnkjvou,8,11:27,Iepa,Vdqj,Wmws,Concluida
Jourfnck,9,13:22,Kini,Pjth,Iybm,Concluida
Mjeuinyt,3,23:13,Zqvo,Ofnn,Jeav,Concluida
Zsbqzyxb,4,12:38,Xlaw,Uhhg,Iysx,Concluida
Zbhlvzde,6,03:16,Uotd,Entw,Jkhp,Concluida
Jsmdrgjy,8,22:56,Qddl,Lozo,Moqe,Concluida
Apwxcsdu,7,24:59,Mvsw,Pvxt,Bzyr,Concluida
Exblssht,5,02:31,Xugb,Cazb,Jzii,Concluida
Hqmmdqvu,2,23:34,Axwd,Suoc,Knir,Concluida
Klykzkex,9,24:39,Wxnd,Izxp,Zsrv,Concluida
Ffewtqba,7,24:22,Sujs,Crba,Rugf,Concluida
Ssxzyawe,7,02:46,Dwyg,Adiv,Bthy,Concluida
Flrqqaux,7,04:54,Mgxe,Smis,Sxkw,Concluida
Vnbtanpe,6,24:47,Xywm,Iawc,Yywz,Concluida
Fewogbwn,5,21:33,Cztj,Zypw,Hiyd,Concluida
Ufpvurjz,9,03:36,Bjyp,Dvda,Ipdn,Concluida
Gcxnsrqb,7,23:25,Wklh,Dqqi,Hcrm,Concluida
Fxyodrth,7,01:57,Fklv,Lmyo,Xnoa,Concluida
Zpzjwpsp,5,02:56,Dnft,Bzcl,Wcfi,Concluida
Jfffoxhf,8,21:54,Teve,Rjpi,Ukby,Concluida
Ltlbrxpn,4,12:31,Ibny,Krqe,Tgid,Concluida
Yswrnrxn,7,02:23,Bwfg,Zqpa,Fdgt,Concluida
Oajgbueh,3,24:58,Saxh,Aaxv,Hqki,Concluida
Clguhubp,1,02:23,Ryjm,Mkvt,Czwx,Concluida
Joaozecq,7,02:31,Ojkc,Zzkv,Vmfx,Concluida
Ieajqhmo,3,03:52,Dpgd,Ivvr,Ggyd,Concluida
Wzurghyh,6,12:47,Hkpu,Hjxm,Rsfc,Concluida
Xqlyuzlf,5,22:11,Aadp,Ucbs,Bimp,Concluida
Rvckwjgi,6,13:40,Hfsd,Ouxq,Wclj,Concluida
Ueysrhzs,1,22:13,Zaoi,Wnhe,Ayip,Concluida
Jwnvpcrt,8,01:37,Nwsa,Yctb,Pzhi,Concluida
Qirnphie,9,04:14,Kcpi,Xuza,Jjtf,Concluida
Wzulibao,5,04:22,Czqc,Mugr,Qivh,Concluida
Ufwkyypp,7,14:37,Znub,Oafj,Ztwa,Concluida
Dckuhfbi,3,03:44,Ysib,Euqw,Uoum,Concluida
Fxvdynjs,8,12:12,Nmrl,Bajr,Wkek,Concluida
Xjmbahms,7,03:48,Ijiu,Ydvc,Lkkq,Concluida
Uwrtabyi,6,02:23,Firk,Ymvr,Zmfp,Concluida
Mdxuvwwb,3,12:17,Nvqa,Rmtu,Lwoi,Concluida
Omzmunlc,6,01:31,Trbg,Ozud,Pcez,Concluida
Xjfdepmf,2,12:46,Tfcu,Woms,Tpkf,Concluida
Bmezsrcm,8,13:46,Rfsw,Fpia,Onnc,Concluida
Wbzqichg,6,24:16,Cbuz,Uwtw,Pcjp,Concluida
Ltxdddhs,7,24:53,Ifwh,Vnns,Botw,Concluida
Nsxuhjvv,4,11:57,Oapq,Raak,Yyzy,Concluida
Wbtaiwrw,6,11:40,Ikzu,Excu,Umny,Concluida
Lbwenweb,7,01:51,Bwfp,Cwip,Safw,Concluida
Qdfccxuo,1,01:54,Rnqm,Dawl,Vypv,Concluida
Pfaxwpfa,5,02:37,Ipmo,Muju,Flfa,Concluida
Sbxsedyh,6,01:51,Bjkb,Erjy,Cshf,Concluida
Zplqjkxh,9,04:17,Twpv,Krnb,Tubr,Concluida
Qdekvvbn,2,13:59,Zble,Ejqv,Oqna,Concluida
Kdormkbn,7,22:13,Bens,Gpie,Ziog,Concluida
Vmqodbsv,8,23:56,Tdwl,Dvsh,Poin,Concluida
Lgfmvxzy,9,03:50,Zphg,Lukj,Bjvd,Concluida
Fkgtmavx,6,14:58,Tqde,Wgzy,Atrf,Concluida
Mvqbkjwn,4,13:13,Gvoj,Pyrt,Rnaw,Concluida
Cgmivbac,2,13:23,Koer,Upjg,Czeh,Concluida
Wgvcafph,2,23:38,Bcof,Rhir,Zeii,Concluida
Xsunhytu,6,14:15,Ptua,Mvap,Qcxk,Concluida
Qznjgcsj,5,12:41,Ghdu,Hbna,Skfl,Concluida
Oaqipayt,3,04:14,Kttk,Iwow,Blsv,Concluida
Wdqlcols,8,24:39,Ljej,Mpdw,Mesf,Concluida
Pgxscqxf,5,23:20,Glik,Fzjc,Kump,Concluida
Ggcejbyj,6,13:57,Qdwi,Mqov,Nyju,Concluida
Bqdlgotk,4,02:51,Cjig,Xiin,Hkni,Concluida
Iwjxhzdb,1,23:22,Fqtd,Lyhc,Dwxh,Concluida
Qayxpyej,9,03:50,Fbxn,Mdwm,Zjeg,Concluida
Ksuzvgvi,2,21:10,Ffan,Cmcp,Yvqp,Concluida
Bqdjgqjs,6,22:56,Bjow,Lqlt,Tqmf,Concluida
Dvejogdd,9,11:58,Hqfq,Kmyl,Cojr,Concluida
Nijyouax,9,21:57,Gmwc,Rrjd,Vcaq,Concluida
Pdjaqksg,6,13:34,Mdmb,Brnf,Tidq,Concluida
Jiujmdpa,3,03:54,Dboc,Qibd,Aqwk,Concluida
Aoxrncnx,9,03:56,Kdxj,Hdew,Uclp,Concluida
Wfvcapvh,1,04:50,Iywm,Sjrt,Viue,Concluida
Wpnbjdri,7,21:29,Efqw,Tclc,Oxzi,Concluida
Rcgtvhqx,4,21:55,Xeul,Nkcf,Onll,Concluida
Tvhapqnb,9,04:58,Pxeq,Wpbe,Tbkv,Concluida
Mhvxmcty,5,24:50,Gzns,Wiwd,Ochi,Concluida
Lqhuxcuj,7,23:37,Ebea,Xrrz,Fesa,Concluida
Wdpfrbru,3,22:50,Ajou,Oiae,Mgcc,Concluida
Tfcmbabp,4,24:13,Bgdt,Afcq,Jtpr,Concluida
Dplgsrgl,8,11:28,Gfkw,Gznp,Jeoe,Concluida
Puaduxgz,7,24:49,Jagk,Ycdb,Rzyu,Concluida
Yrfijfmu,2,13:50,Dwhx,Tfna,Bdnw,Concluida
Itbzcmkh,1,03:10,Saca,Zwjt,Kzzu,Concluida
Ednqtzut,1,04:41,Lgld,Pyye,Zkuf,Concluida
Uqqtwojw,3,24:23,Wztq,Svsh,Szza,Concluida
Bhvrrcsj,4,12:49,Ccyv,Tbhd,Lsml,Concluida
Bonmgmkx,8,14:54,Bgsc,Eltb,Aacy,Concluida
Qgwpraqd,9,04:57,Usgt,Moba,Lkts,Concluida
Bavsobyb,4,14:59,Ktyy,Gclo,Ofme,Concluida
Isqxpttw,8,04:52,Hctn,Szxf,Jhhg,Concluida
Ubgjuoea,2,24:43,Ehej,Qxog,Mecf,Concluida
Mtjwfuim,1,03:13,Zatt,Bgna,Lvuo,Concluida
Ouaksyuu,4,23:20,Wcnk,Auks,Nydc,Concluida
Likpdvii,7,11:21,Epgk,Qfyb,Fcap,Concluida
Oiuwnzia,5,23:55,Ztnp,Gzxt,Amcn,Concluida
Keevbvqu,1,14:25,Vfqm,Ipgy,Zqsx,Concluida
Nxatedwm,4,14:53,Lzfa,Ceyw,Qrie,Concluida
Yyrkkpft,8,24:53,Bucd,Pejk,Ebeb,Concluida
Rrodczbu,5,04:26,Odhs,Rrib,Hcjh,Concluida
Okjcdbec,6,23:53,Nbrp,Eghe,Rszq,Concluida
Fshucfno,5,21:27,Jdqu,Vhip,Ywrn,Concluida
Qcizdsbd,7,24:12,Irvb,Wcdb,Lpaw,Concluida
Gbtuzmse,1,04:28,Dwxr,Mzgi,Aroe,Concluida
Gkeljune,9,13:58,Rqod,Cdmv,Ogln,Concluida
Yfsklbfy,8,13:55,Gige,Dwwm,Wuwq,Concluida
Texyyhrj,2,12:45,Rile,Fthr,Smwx,Concluida
Ypaurdvv,1,24:57,Cacj,Ynow,Chfv,Concluida
Uaaxeenp,4,13:19,Spcw,Ipll,Yojg,Concluida
Jsrjtpbr,6,03:13,Pqug,Gein,Ztbg,Concluida
Zmxojueq,6,23:31,Fhzu,Piog,Tohi,Concluida
Vtikynzz,3,14:56,Lksj,Ykhv,Bmlc,Concluida
Tjnhrjck,7,13:32,Xzab,Mxtz,Qngx,Concluida
Qbtwuoea,5,23:10,Jhqw,Pcls,Bcma,Concluida
Cjcdavry,6,02:22,Dhly,Vpad,Nuan,Concluida
Otlsbfjb,3,24:30,Vmmp,Mkzt,Lmzt,Concluida
Vzlcbmmv,7,12:45,Vqpf,Vfpk,Skdj,Concluida
Yprkrbjq,9,12:23,Slge,Zfah,Wwyx,Concluida
Xrcbmjho,8,11:42,Uslw,Tuok,Hehv,Concluida
Veujhwdq,8,23:11,Fyxr,Wiqz,Njho,Concluida
Tcigwsro,6,21:41,Pjsa,Tkrw,Ylkx,Concluida
Bkdhsvig,9,11:16,Vsmn,Vtdd,Izdl,Concluida
Xtlbcauv,6,03:50,Qasi,Icdg,Iiwo,Concluida
Lwqarrbb,2,13:51,Huuh,Canp,Lrhp,Concluida
Nhniosya,8,03:46,Qmav,Vrbs,Ijvb,Concluida
Cmjuigmv,5,24:39,Lrbr,Rmpv,Sbkm,Concluida
Hcesepux,5,23:35,Mqvh,Qgkj,Yhqa,Concluida
Oeejawxp,6,21:55,Kerx,Vqja,Joca,Concluida
Rzgauleo,8,22:52,Jchv,Mlln,Qdqw,Concluida
Wzwwugzg,9,01:10,Rhdu,Koml,Zznd,Concluida
Faiezxbe,2,13:20,Xdwg,Aobc,Medj,Concluida
Wapaiicp,2,01:56,Tbcp,Owlw,Jrhk,Concluida
Gzevuwjz,4,01:47,Ruwu,Cckd,Avfv,Concluida
Dgnbnpck,6,03:23,Stze,Bprl,Umdx,Concluida
Cbnoqhzw,6,21:47,Itvr,Vnlu,Qlob,Concluida
Qdzthvch,8,24:40,Cyoq,Jcnt,Lmay,Concluida
Vjwbaxyk,3,12:11,Bdfr,Azbe,Rkaq,Concluida
Efiotxus,5,24:33,Kxaw,Tmau,Fddc,Concluida
Wymdgnvp,7,22:23,Hkas,Ylex,Gvhs,Concluida
Ovvvdbgl,8,21:19,Yjyo,Kopb,Stzi,Concluida
Jgdeshjh,8,02:33,Ptqg,Ljjs,Cyyr,Concluida
Hlavshxc,4,04:22,Itbr,Yucf,Jmuw,Concluida
Ebklmyxe,9,12:19,Adno,Zohr,Jcsu,Concluida
Anryoljd,4,03:47,Yiea,Gobo,Itpk,Concluida
Spjkojuz,8,03:46,Zhxz,Upwv,Kvtr,Concluida
Zwrqbihd,9,14:55,Pfsb,Byoz,Yxqu,Concluida
Fjhjbyyn,3,12:43,Xkhe,Envi,Ttch,Concluida
Lgmdmilb,5,03:27,Biay,Kdrm,Qeos,Concluida
Iixezvgo,2,04:10,Cvji,Atwq,Mglx,Concluida
Ysgzlskp,7,13:36,Zqmy,Mney,Bufu,Concluida
Nxoskzzv,7,11:40,Ckyd,Lqtz,Ksnz,Concluida
Ucqimbcf,5,13:59,Dyqm,Urdn,Oymf,Concluida
Digfwqaj,4,21:27,Keue,Iapd,Rypo,Concluida
Suqnghpo,4,14:48,Vuwk,Mslx,Tsoh,Concluida
Ozjhngwy,1,02:53,Oigk,Kgss,Hpog,Concluida
Jytwsomh,5,22:45,Cbyx,Uwwr,Sfhu,Concluida
Gscgcjwe,3,03:10,Xmtz,Zfsq,Wxsw,Concluida
Yfmqhpxh,9,13:13,Gjaq,Uhwz,Jmdx,Concluida
Olzeisyu,2,04:51,Bjxp,Fmde,Rjox,Concluida
Ehcwrqnb,7,02:44,Mgja,Umaw,Zcib,Concluida
Aokbfzpk,7,24:32,Tjee,Aswt,Cfox,Concluida
Orngomil,5,21:29,Sitd,Jjgu,Yuhv,Concluida
Ctqidueu,3,03:21,Fcza,Fsej,Iejp,Concluida
Xqvtdwyl,1,24:10,Qadp,Sckj,Zksl,Concluida
Nhpycxaf,1,11:44,Rvih,Gjdi,Djpa,Concluida
Eyvgzvqj,7,23:42,Bvsc,Cvtr,Uiom,Concluida
Cwbmejbk,6,21:30,Nsro,Bizw,Vgns,Concluida
Taavfxtf,6,01:32,Nhfv,Tkfy,Bmhz,Concluida
Iplojbsb,9,21:40,Ravb,Reyg,Qsho,Concluida
Vonjzdhd,3,14:55,Arqg,Ijlm,Wqze,Concluida
Solmepyd,6,13:43,Xdte,Gzmx,Nkyj,Concluida
Ypqcqbgd,7,21:44,Khfd,Paks,Ddkm,Concluida
Gvaeyzaf,2,12:47,Rwuc,Xomr,Xblh,Concluida
Ezkcewfm,8,21:28,Zczc,Lxyo,Iaqw,Concluida
Exhkzkcc,7,23:31,Qqxi,Dxcu,Gqmu,Concluida
Kjjmaogz,5,24:21,Ozet,Epdv,Buvl,Concluida
Wodlwiou,4,04:55,Mqzx,Azas,Wrle,Concluida
Zizprqbr,9,13:37,Lrkp,Wsmd,Mwaz,Concluida
Wigljvee,1,04:54,Fyqe,Ywqi,Xgbo,Concluida
Nqhyobqi,6,11:43,Chwh,Zhql,Cagn,Concluida
Ewzzfmci,3,12:45,Nlfv,Ftqn,Kmlp,Concluida
Daxuzlrj,6,11:54,Lhvk,Yhez,Rgpq,Concluida
Olilssmn,2,23:28,Numt,Kjqz,Rnqu,Concluida
Wpudceap,4,22:36,Spae,Hcbr,Pkhu,Concluida
Ttmiqldc,2,23:48,Vsev,Irkd,Xrge,Concluida
Uygbcrdw,6,14:11,Zquh,Jyxq,Wszv,Concluida
Svzxtsln,8,03:53,Pvlv,Huje,Dyaa,Concluida
Xdqmmajz,1,12:37,Wkwq,Apdt,Dxym,Concluida
Suirffqe,7,04:15,Jznk,Cpqn,Ziyc,Concluida
Bwxlmprj,7,11:35,Epfh,Fzib,Ehel,Concluida
Xetxwmfy,2,12:25,Sijj,Eiky,Xrsu,Concluida
Tjnsusjt,8,02:25,Cyiz,Tffs,Ghsf,Concluida
Ziahkmlu,5,11:29,Bcpm,Jleo,Dgvv,Concluida
Eeewlpaz,5,23:14,Xywf,Bonu,Wvki,Concluida
Avxxmjnj,1,14:59,Vdcl,Yayq,Wtly,Concluida
Rshhtoqr,3,04:54,Fydz,Tsuj,Aytw,Concluida
Uvrehrbt,7,02:21,Dsnf,Frsq,Qwdq,Concluida
Slmaoter,6,23:25,Feea,Yvev,Nqjd,Concluida
Nsgwsjzd,4,01:29,Plui,Aykp,Ibdc,Concluida
Byhqwpws,2,21:24,Dmuu,Mtmd,Hfkj,Concluida
Ascdpnni,7,14:18,Wudo,Tzxg,Dzjx,Concluida
Zvfrtevf,3,02:55,Udoe,Lamx,Ittn,Concluida
Qtyqsztk,4,21:44,Spsj,Wgwn,Kgfr,Concluida
Mjojnjiq,1,14:45,Owat,Nkze,Hoqk,Concluida
Jnnavjva,8,03:50,Sjpx,Fftu,Zqli,Concluida
Cdprxtlm,6,03:25,Admx,Vyxx,Bnvt,Concluida
Hznjpoek,6,01:39,Yeeo,Bmtr,Oxtt,Concluida
Nxjzhrmd,1,22:38,Suec,Zkpu,Ogkn,Concluida
Bovlhoky,2,03:24,Cujz,Cdyj,Wxay,Concluida
Ylitlvef,1,11:36,Qsgb,Dgzt,Mnal,Concluida
Fthmksqj,1,01:48,Gdxu,Dgnq,Dvlg,Concluida
Fntpwxuf,8,24:44,Fima,Yojw,Ruri,Concluida
Lradznio,9,23:41,Tcvx,Hnkj,Ukgi,Concluida
Rorieelz,6,14:41,Hlqq,Uvgo,Tykg,Concluida
Nagffsnq,9,13:54,Hrpf,Mgsq,Fjqb,Concluida
Hbesidnh,1,21:12,Zchk,Xbin,Idok,Concluida
Vlkavcfw,2,14:24,Bxno,Vrmi,Dnpw,Concluida
Ffqdspju,2,03:31,Unrd,Plki,Kiba,Concluida
Amjyminz,1,24:42,Lrdh,Uecz,Zhfw,Concluida
Mzjogcoe,1,22:44,Hcet,Rdxh,Isun,Concluida
Cllfzyzw,3,03:33,Uzjv,Osnu,Nbct,Concluida
Zvlnvvdy,8,12:17,Ibdp,Llqm,Hqsg,Concluida
Jedutmcd,5,23:25,Ipcc,Ehhv,Eoum,Concluida
Iwvgyiwi,9,21:21,Ecea,Dnhg,Lprh,Concluida
Sreqdseq,5,02:41,Ceiu,Gxdr,Vblw,Concluida
Sozmfjzn,3,23:36,Qgkk,Idkb,Jkcv,Concluida
Mmjcedfg,3,03:39,Qagi,Xmya,Fjum,Concluida
Fxzwlxui,4,14:25,Fiju,Bbgd,Sipy,Concluida
Snmvctxi,8,21:42,Oyou,Pvpv,Xvhp,Concluida
Gjexhmbj,1,01:18,Dues,Rkds,Tgcp,Concluida
Ilezhdsk,4,04:54,Zhmw,Peoa,Xqbc,Concluida
Mfawxnzf,5,02:55,Raha,Jcwg,Pjgg,Concluida
Mgpxidyj,5,14:44,Xxqp,Tugi,Sxfd,Concluida
Ycowjvic,4,24:35,Sukp,Obmi,Qigw,Concluida
Ecikdvpr,2,13:21,Jkbd,Vene,Otlq,Concluida
Euzpoxeo,7,04:37,Vntt,Sqsb,Juxn,Concluida
Baiuzlnl,3,24:13,Krms,Rgvb,Pnbn,Concluida
Ihjsqcrf,4,04:20,Vfwy,Rnbf,Nxzd,Concluida
Sjtoniaf,1,01:47,Ogtd,Adrh,Hkew,Concluida
Tsizntxj,2,13:56,Lxci,Nena,Cckn,Concluida
Wlvfkonn,5,13:38,Lfdi,Oriw,Oqfm,Concluida
Jcmvwhns,1,14:14,Resq,Ualj,Qdht,Concluida
Hvxhfdsu,1,24:45,Pyvu,Sdyl,Luak,Concluida
Hmtvkhly,1,04:22,Azjt,Gcta,Angf,Concluida
Cxylntac,5,11:59,Xtoh,Pxqo,Lhuc,Concluida
Tzuypbwp,3,01:48,Nfct,Hrxw,Krnx,Concluida
Fcgnbbbu,3,03:55,Ddul,Mgkh,Lvld,Concluida
Twzhpfwg,7,13:45,Uaex,Bsgf,Esyf,Concluida
Tbsfaawe,3,04:27,Kqsj,Loof,Gtdc,Concluida
Wnymekdd,9,11:54,Whfk,Pjux,Hlxr,Concluida
Waprxlaj,6,02:53,Zuuz,Rqoq,Jnsv,Concluida
Irgowdex,8,24:16,Ipwz,Bbat,Jmlz,Concluida
Ntivdlmo,6,21:17,Lnur,Bwef,Mckc,Concluida
Qztlwban,4,21:40,Aobx,Xbbj,Zpaa,Concluida
Xdnvfabe,4,13:13,Mdwc,Zeiq,Ehwx,Concluida
Iqfhakir,4,04:58,Netr,Vuoc,Figt,Concluida
Qxzrhley,7,02:56,Nyqz,Eyhl,Mfmu,Concluida
Ppwdqyip,3,21:56,Qcyp,Jzda,Vkfo,Concluida
Odzfsesd,8,02:33,Hiom,Hibm,Dnwy,Concluida
Rrchzcfa,9,02:24,Ljah,Cbov,Yhsy,Concluida
Xvrormah,5,01:16,Lupo,Evun,Sfmq,Concluida
Hagbtvkf,6,03:58,Fkrd,Gajy,Mily,Concluida
Dmkrdbvb,6,21:35,Hjla,Tpro,Ickb,Concluida
Vmuqftee,1,02:14,Yjum,Xsay,Oyko,Concluida
Qeldnzub,7,22:33,Pvel,Hlpt,Dpom,Concluida
Sgrtzgfl,7,02:56,Ceyh,Uydb,Xboa,Concluida
Rcizbski,1,11:44,Hwnw,Sfve,Pwnw,Concluida
Bhjvhchx,6,14:36,Mbpv,Mrhd,Mtyt,Concluida
Xflkjpxl,9,01:32,Dayq,Ueuz,Ohae,Concluida
Iwtentpb,3,22:51,Ivza,Yzhg,Vjxc,Concluida
Wqnniysw,5,01:34,Vzlz,Ilfz,Lyqp,Concluida
Pesshtic,7,23:11,Gmce,Kdbk,Kopc,Concluida
Siqfdmhk,9,13:51,Vrad,Chvd,Vxvk,Concluida
Wtnftfwa,2,14:53,Nvsf,Cfsg,Oxmt,Concluida
Wqjaytzh,6,24:28,Yaas,Pkaf,Wuou,Concluida
Cgapiouw,1,21:37,Zmvq,Lbyo,Rbde,Concluida
Wmlkqlpv,2,22:16,Yunp,Qxqs,Wuch,Concluida
Cxscutdu,7,14:54,Nahw,Fpoy,Zktt,Concluida
Mhnpodys,7,11:54,Qcga,Ewnl,Qnxz,Concluida
Rixjkgms,6,12:59,Fday,Blgf,Lvyv,Concluida
Hnonmxum,8,02:16,Gzwr,Tjdo,Gqjg,Concluida
Grcsppld,9,22:17,Htxo,Kgmg,Wqlp,Concluida
Twelfksi,7,04:50,Pwre,Pzjr,Jniu,Concluida
Oysbacsi,8,14:23,Wwjn,Jpqx,Uivj,Concluida
Ipfudyvl,7,03:44,Firy,Nyvj,Wpyj,Concluida
Ayhdedkx,4,14:30,Mejg,Uqif,Hvne,Concluida
Uzikgnsc,9,22:36,Vbfu,Vlxz,Byib,Concluida
Algztrhe,3,21:55,Hrtw,Ovem,Tlbj,Concluida
Pfitwlsf,7,03:42,Kfyn,Xjzs,Aghw,Concluida
Ydqoowak,8,11:41,Vfqa,Kjxz,Fbpe,Concluida
Rumdrwez,1,13:48,Odwc,Mofm,Hcgm,Concluida
Erpvwcht,2,23:33,Nuan,Pfek,Jtpn,Concluida
Unficamm,1,23:35,Hbdo,Belj,Stri,Concluida
Snhyskcq,4,21:29,Uuoa,Moks,Ncde,Concluida
Qretuyeg,9,02:59,Tblj,Oera,Kjbe,Concluida
Wfijpdlb,8,14:12,Wmvv,Mihe,Hymv,Concluida
Mzuednja,5,21:41,Vkas,Pusi,Rkpw,Concluida
Efjjvjoq,1,22:13,Hplc,Ikko,Zaup,Concluida
Vxdzgsnt,2,02:22,Pkln,Gkqd,Itvq,Concluida
Pkmwbsqa,4,22:52,Idio,Edrl,Ncvr,Concluida
Huwigawh,1,14:51,Dgtd,Mzqj,Notl,Concluida
Rmevnrxk,9,03:15,Tagy,Neyi,Ypgx,Concluida
Evdfwuyh,9,21:34,Simd,Wlwl,Ymbs,Concluida
Iuylcibs,8,01:53,Njno,Hbhl,Hafa,Concluida
Rizqkfrl,8,12:42,Judh,Ydfl,Pyov,Concluida
Rywrfgoo,8,13:48,Birj,Fmiq,Ddbf,Concluida
Grztcrqk,5,01:53,Cxdx,Avvx,Dlun,Concluida
Hnncabgu,5,03:18,Mcdt,Mgkp,Dtac,Concluida
Cqjeyygq,8,22:34,Hyol,Eplk,Aeja,Concluida
Mcykbfyu,3,13:55,Zoby,Xlhi,Twlx,Concluida
Gtwdwjok,8,11:35,Oqef,Oeiq,Bbis,Concluida
Bvmxocqt,1,21:46,Lkse,Oecu,Tqiv,Concluida
Ywyxzslb,3,24:12,Lzui,Yfwm,Lygb,Concluida
Zdvybedm,1,01:37,Tqro,Rybj,Hjiq,Concluida
Gyfnhanm,8,12:49,Yurf,Trxz,Jdtn,Concluida
Thbkruuw,5,24:46,Wocu,Xjru,Htdr,Concluida
Bhxmzvbv,9,13:19,Weui,Anqu,Sylv,Concluida
Ufnwxdbq,7,13:27,Rzvs,Qzfk,Wloi,Concluida
Rgpobcfw,4,04:47,Tvbw,Vwpt,Rbge,Concluida
Slaovuqq,8,22:34,Hjfy,Zyib,Jmdw,Concluida
Ydnceznv,8,02:47,Cmov,Phpa,Uqgl,Concluida
Zfwcduja,8,04:20,Ycfl,Ixzj,Hbiu,Concluida
Fdfkgmka,2,23:18,Sgji,Wjav,Qezp,Concluida
Ohinxzvl,6,24:54,Wdvo,Pfsz,Ohly,Concluida
Yuratenf,2,23:36,Dbsm,Jxhz,Tfoi,Concluida
Bfynbthm,4,21:39,Lzpx,Wpvd,Ksiz,Concluida
Exqgcdih,8,11:18,Cfbs,Iisr,Flhs,Concluida
Pwzviqoj,2,11:13,Cipd,Ifzq,Jmtp,Concluida
Rwurklxk,2,03:44,Qfsl,Ysnl,Kzps,Concluida
Wwdnuakf,1,24:52,Kdmw,Oomx,Pkws,Concluida
Mwhcbwcl,4,22:40,Ygwe,Joyn,Fows,Concluida
Ryyqamxd,8,11:35,Gcaq,Ldub,Dpet,Concluida
Tkcrwjir,5,04:17,Hbaa,Iweb,Ofyy,Concluida
Eboihnez,5,14:30,Eume,Fpys,Ivwx,Concluida
Rezkezqq,3,24:32,Fceq,Neiz,Fies,Concluida
Ubikflre,6,24:14,Tlzi,Absd,Olfu,Concluida
Gtycztuo,7,21:37,Cayq,Qvcl,Iciw,Concluida
Phztajwu,4,22:15,Phvb,Llmg,Aqsl,Concluida
Gswfsbtx,5,24:15,Pekh,Qfay,Eibx,Concluida
Wgikpyhd,2,01:12,Kzju,Gnpt,Hcmz,Concluida
Lyxxabhs,9,22:20,Rnce,Widr,Hejm,Concluida
Mxavudpt,4,21:13,Tbcn,Pkby,Flpb,Concluida
Rioczaec,2,14:14,Sbwe,Zzxs,Hgzx,Concluida
Lenoumsg,3,21:44,Nopq,Jjyt,Vjto,Concluida
Wnpkoxqr,5,03:14,Gpjp,Zoup,Pfjx,Concluida
Mtsnxrxa,9,12:36,Xqkn,Mgfm,Uxdl,Concluida
Oyzsjslr,7,24:58,Asof,Adxt,Godx,Concluida
Jvudjacr,9,23:26,Qdqp,Pqvv,Amzq,Concluida
Zugzqqqh,8,23:12,Cehq,Azpc,Gywt,Concluida
Hgwaiqer,5,11:10,Jcav,Wnce,Dqlj,Concluida
Ugibkydp,1,23:22,Iydk,Zbjp,Ssyf,Concluida
Fpsjnppq,6,04:55,Anfn,Ckxs,Tert,Concluida
Guhuckdi,3,14:36,Ikoz,Rmyr,Fdie,Concluida
Jsqhhtsm,3,03:29,Sadq,Vowo,Qspj,Concluida
Ytgrrcst,5,03:10,Lecg,Urnu,Swdg,Concluida
Jtanmxug,4,13:22,Rzqo,Rzhw,Wrqj,Concluida
Sreodjdw,7,14:31,Arbp,Autj,Fwyp,Concluida
Wsymjfls,7,14:59,Zdqw,Swrq,Ctev,Concluida
Nkeeggbp,9,12:58,Oqkw,Duvy,Xxyz,Concluida
Lyyzjuyb,3,03:23,Qyej,Trlq,Wyza,Concluida
Jxxifqfy,2,11:10,Eodk,Uvso,Jpml,Concluida
Gdzmpznx,2,04:15,Rdyb,Omhw,Audn,Concluida
Cedyedgg,3,21:44,Uclw,Supu,Jsgq,Concluida
Icgndjtj,4,02:27,Vdqv,Bktb,Goww,Concluida
Gczvhoda,9,04:34,Bfvd,Orxd,Zkvs,Concluida
Otrupequ,5,01:21,Yzpg,Tdlk,Tkco,Concluida
Auimaoej,8,12:47,Ponh,Nfao,Aesq,Concluida
Addpborx,5,24:22,Hyiw,Pxji,Laba,Concluida
Cvuxtkzb,5,21:14,Mpnc,Hclv,Tppn,Concluida
Ibieqlll,1,22:37,Aemp,Ynxl,Fwsg,Concluida
Bveesphe,9,23:59,Thvk,Zpuf,Ugrt,Concluida
Kcqpzczy,9,11:52,Xqpz,Mpfq,Kzpj,Concluida
Pfdxqbke,1,22:53,Wcnl,Imdc,Iptu,Concluida
Vcmttdcf,1,22:30,Dtsg,Kffb,Obeq,Concluida
Cljewynx,3,13:12,Akkm,Otka,Aqyh,Concluida
Olnhsxoc,8,24:40,Qmqi,Quld,Vxih,Concluida
Whbdxccv,9,02:30,Hvll,Jzwf,Vbfs,Concluida
Pprtnqoj,9,02:18,Anak,Rlct,Bvhl,Concluida
Qhekuqfm,3,01:35,Kxnn,Khfb,Ujzd,Concluida
Ruzvcxfe,4,01:13,Gddb,Dvvi,Njyh,Concluida
Wjbcsfhl,7,14:22,Kyhb,Pdqn,Ytvu,Concluida
Pggmwhwt,6,14:25,Ymvi,Tuqq,Vfcp,Concluida
Kojmmxer,7,03:29,Cjkg,Ynhi,Ajtg,Concluida
Dbyymidr,2,11:25,Noad,Joqn,Jbja,Concluida
Hzfghqow,5,22:28,Jtyj,Cekw,Fvhy,Concluida
Qcicyull,8,23:28,Mhqg,Ixlv,Dvhk,Concluida
Eoklovzh,9,24:37,Lfza,Wzvo,Jyws,Concluida
Nzmejuna,2,12:11,Bege,Sxyf,Ztte,Concluida
Pmqstehh,9,01:37,Lprk,Gpvd,Itul,Concluida
Pbkrpwlg,3,12:10,Brcb,Qwsr,Gyng,Concluida
Vkwljrev,3,13:53,Znkc,Yceq,Djae,Concluida
Mhzqnznj,6,01:38,Xbod,Xwws,Adqz,Concluida
Eauupsmi,5,03:29,Trst,Zpne,Tfgl,Concluida
Fwbeaqsr,9,11:59,Tvdv,Lbks,Pers,Concluida
Mdvyszdt,8,14:54,Cvev,Esnw,Nulr,Concluida
Xomsvgxc,1,14:19,Bqpd,Cfmr,Ivdu,Concluida
Jalvbdov,4,01:57,Vlbw,Rlyn,Qhje,Concluida
Urfpzoje,8,13:43,Kmgx,Gzal,Gbfa,Concluida
Bihpcmzh,4,24:45,Fgmh,Gylr,Lzea,Concluida
Niififqn,5,21:51,Tbap,Hzda,Uuhn,Concluida
Kfbdlhuu,8,13:16,Roxs,Fkjb,Bokm,Concluida
Fndofzoy,4,11:33,Hmir,Guhq,Veut,Concluida
Pkrjkuun,8,04:15,Vosr,Xcqo,Yejs,Concluida
Xprinfru,9,13:38,Rlxk,Owin,Huxv,Concluida
Quujymqw,3,03:11,Mcne,Iocl,Npqf,Concluida
Alaqclgb,1,13:52,Cwqc,Qfbo,Bfby,Concluida
Chfaehzv,8,22:50,Covb,Azbx,Zmaw,Concluida
Tzmvalby,6,23:41,Yjky,Pcqb,Cmrh,Concluida
Uwpydmbq,5,13:27,Cyjs,Pfdr,Ldzf,Concluida
Uabopqxp,7,11:34,Nhrz,Blqt,Smjn,Concluida
Yqomftxa,6,01:56,Uuki,Tctv,Xxzy,Concluida
Yxiasbnd,5,03:48,Hsvv,Xjui,Nbxn,Concluida
Yptqimgg,5,01:14,Pkkj,Cyfz,Bomk,Concluida
Hoakbksf,8,23:32,Fdlk,Nqof,Owyu,Concluida
Hctiyzrb,9,24:23,Joab,Hjwh,Icoi,Concluida
Fsagpxqb,7,03:54,Wjnm,Zgos,Cmof,Concluida
Blxvdwiq,8,14:14,Dawz,Luma,Wbix,Concluida
Ucxqoouw,4,24:53,Suov,Yznv,Eppz,Concluida
Gvuzrhhz,3,04:23,Neyb,Jiin,Fwfp,Concluida
Ghwbgoxv,6,01:46,Amlk,Wpnb,Utcf,Concluida
Urzlmjob,1,23:42,Bnne,Xugb,Erxx,Concluida
Sgapqmuo,4,11:55,Favc,Hhwg,Hxxy,Concluida
Ugnajtas,5,24:51,Knsp,Them,Jwws,Concluida
Ogrnobqh,5,21:25,Zhuq,Axwc,Jvlh,Concluida
Tlgwensg,2,22:42,Vqkf,Nzjn,Lyqv,Concluida
Jmskdiys,4,14:55,Gmgo,Zbhg,Hzcd,Concluida
Evlzrebs,2,03:59,Gjjm,Hhha,Shjd,Concluida
Sytbcduf,7,03:47,Cgzr,Ngbg,Kaoe,Concluida
Tbeeofhp,2,11:16,Lduv,Ijzx,Wsnf,Concluida
Pyovljym,5,03:28,Arox,Zffs,Riri,Concluida
Wpeniqck,4,22:54,Qlus,Qakz,Gkdw,Concluida
Ktrdfehn,2,21:46,Ccxw,Zeru,Ljzt,Concluida
Ockwrdfi,9,01:36,Qvsy,Bxyy,Rczp,Concluida
Uyzbpzza,6,02:36,Oxdx,Qyeb,Tatr,Concluida
Gtarakxb,3,11:53,Htzd,Inxj,Mggi,Concluida
Bopwmiwj,6,11:28,Sett,Gxqr,Jyzf,Concluida
Hlvyfnni,1,03:23,Qhiv,Tsaf,Qdxj,Concluida
Zylrhnob,6,14:59,Ogad,Wvpf,Mutt,Concluida
Vdsmgruo,8,24:17,Lrit,Votz,Lekt,Concluida
Zyaqmuvf,6,01:12,Ovwv,Jric,Ajcd,Concluida
Spkmqzci,9,01:40,Rzjc,Jnhn,Xpuj,Concluida
Wnzndbnk,7,14:49,Abne,Znjd,Mcso,Concluida
Pmtdatvf,1,11:32,Fbty,Tibj,Bwof,Concluida
Glmvvjzi,7,13:47,Dkob,Tucm,Lhaj,Concluida
Zspnmthz,7,01:20,Udqx,Jwjr,Juhe,Concluida
Ezbwjrnk,4,01:46,Owvh,Cwrr,Habt,Concluida
Swtyffsv,8,22:39,Yjja,Rupd,Qavr,Concluida
Hsymcbhp,7,04:40,Iomy,Alqj,Mkee,Concluida
Gexfemcm,6,24:36,Sbnh,Hpjo,Kexr,Concluida
Xovqptpq,4,13:39,Qwux,Kxgb,Egek,Concluida
Tezzcvkt,5,04:41,Gcwy,Xpum,Vwbw,Concluida
Vkgkwxtw,4,24:52,Wyot,Xjmk,Hldt,Concluida
Xjilodiu,1,23:44,Xpai,Wndx,Cqfi,Concluida
Vfnppweu,2,02:42,Jqgp,Jibc,Wxdl,Concluida
Syafoseh,4,21:34,Ydgl,Pbwn,Sjdu,Concluida
Vzcjizft,6,04:27,Tnsm,Bpzd,Gljl,Concluida
Jueoxhmx,1,02:59,Smew,Hong,Fftc,Concluida
Tlvkgbfm,7,12:33,Emyc,Ofpx,Vdmf,Concluida
Ocyseenm,4,13:48,Ploj,Rreb,Lbop,Concluida
Ebhidtyv,7,11:19,Iqdz,Bqhv,Hrpd,Concluida
Fphovtsg,3,14:12,Weoj,Nuts,Ufek,Concluida
Mwcbvbli,6,14:34,Biuo,Bpnd,Qjwd,Concluida
Ksfbxxex,4,04:25,Rszx,Krzr,Eztl,Concluida
Vhnnfwjr,9,02:24,Psra,Xsqm,Cmkb,Concluida
Nzpkjngo,2,12:21,Coho,Eate,Mphg,Concluida
Ssmeiohz,7,24:11,Xepq,Dppw,Vyce,Concluida
Derpcyik,2,01:39,Oqrj,Cqlh,Fsdi,Concluida
Ybbohptl,6,12:36,Amsk,Jdni,Bfpa,Concluida
Rshbdxnt,3,13:32,Fbpq,Bofw,Eevs,Concluida
Kcaydsya,1,14:18,Qhmo,Thso,Gkvb,Concluida
Owafsnhf,5,13:48,Fjky,Rbmg,Kabo,Concluida
Lzxdvrwe,8,14:21,Ekzm,Cmkm,Uivr,Concluida
Swhdtubk,7,23:51,Wdet,Qdbg,Eqmf,Concluida
Zhsckjib,2,14:42,Vdrs,Jhhs,Lqsh,Concluida
Mdcuagxi,6,11:49,Avmf,Pieh,Plbg,Concluida
Hstntghy,4,11:37,Shng,Wiyp,Mthx,Concluida
Nukhejdw,1,14:17,Mafw,Vods,Wqil,Concluida
Mwrqhsef,7,11:35,Xddt,Qoes,Lywe,Concluida
Ygbbvuxw,3,23:58,Sfry,Mxov,Ohkh,Concluida
Tovtlyyx,3,21:28,Nxiz,Wjgj,Fozp,Concluida
Yfgwfzvg,4,03:31,Aupy,Lvgc,Clqt,Concluida
Uvhbqsey,8,23:28,Rzqz,Uspj,Yloc,Concluida
Pnduylzs,7,04:32,Vedx,Ibcx,Gfku,Concluida
Gqpsrhak,6,01:31,Sxgn,Mvzb,Dsrx,Concluida
Ajngxxeb,2,02:20,Qosj,Zwgv,Tewo,Concluida
Hmkwyyrz,3,03:54,Tprw,Mqrl,Czde,Concluida
Ebzrvwlq,7,12:51,Xjvw,Zgzq,Zoze,Concluida
Lwiyhfuz,4,11:13,Pdjx,Qbgd,Rlfu,Concluida
Kksrkzeg,1,03:14,Kgli,Epgr,Fdsv,Concluida
Waeraicb,4,02:13,Vkjx,Dsgk,Htcy,Concluida
Kbhtleft,5,11:54,Xowa,Izzq,Jfxq,Concluida
Ewdjtfak,5,12:24,Hdhp,Drsq,Uvhg,Concluida
Qwiwmzdt,5,04:50,Xddj,Ctlb,Sgxy,Concluida
Wkuqacfy,8,21:45,Wbtu,Lcfn,Toly,Concluida
Skuwyset,9,13:45,Ujzd,Kkjh,Vdau,Concluida
Cdyadznc,9,13:46,Qhfd,Wyhu,Ffna,Concluida
Tzbwbojb,7,13:18,Ggru,Zrmb,Mbta,Concluida
Icrynvag,1,23:53,Ruca,Wrxn,Ooyu,Concluida
Xrowwugd,9,13:11,Xdqp,Rsav,Ijik,Concluida
Sfuzwfxp,8,04:49,Ovny,Qcmw,Lxtz,Concluida
Hligzsjl,4,02:53,Cugi,Oqze,Tglo,Concluida
Mdlmtkuf,7,22:35,Ffhl,Gmpb,Ktrl,Concluida
Mbozeqsb,2,13:31,Wand,Tafz,Uxls,Concluida
Gvmyolms,9,12:42,Zsys,Gyzf,Ilja,Concluida
Taldlrsz,6,22:24,Bkzd,Ywxh,Ryfh,Concluida
Xyicifen,7,24:39,Huyy,Qtek,Zfeo,Concluida
Vxujkyhc,6,11:34,Dtnd,Gvmk,Mbgq,Concluida
Tuqrpmwd,7,23:41,Tahh,Qanu,Tpat,Concluida
Awmepyji,9,11:26,Tpmg,Fkds,Okhn,Concluida
Cmscgfjw,7,24:43,Ouxe,Dney,Lxku,Concluida
Pqzfnmmx,4,13:51,Etlb,Dscs,Gqsb,Concluida
Xiodsbuf,6,02:36,Gysd,Gsgd,Vlit,Concluida
Ylhbkaid,5,01:42,Vpop,Kqnj,Hxrh,Concluida
Kqeslcyp,3,24:34,Bxdr,Wlgh,Gjfb,Concluida
Upxznikd,3,02:18,Yjvj,Pnkl,Quqx,Concluida
Xocvdrar,9,01:15,Isvp,Glec,Fzgj,Concluida
Pcahnwvb,7,04:44,Qxxj,Geeh,Zqaa,Concluida
Kzqawmeu,2,01:30,Xune,Srtl,Aeqx,Concluida
Ffxcunlo,7,01:17,Otni,Roqy,Vemj,Concluida
Pbppznfa,6,22:37,Ockw,Onua,Fjkg,Concluida
Jdaprqoz,4,11:35,Bccq,Okwa,Vrbe,Concluida
Rjlwzxdg,9,11:54,Ovuj,Qooc,Owcd,Concluida
Tffwyucy,4,22:30,Quvm,Gqyj,Rnkx,Concluida
Najeojoe,6,12:50,Pnuh,Peho,Vylc,Concluida
Ugvkspre,9,02:48,Gljf,Umcj,Gnqe,Concluida
Guclamhi,7,01:53,Ufrp,Kslo,Taks,Concluida
Htgiaxmc,6,11:18,Dnrp,Pwsx,Irpt,Concluida
Ctukodvh,4,23:10,Ufwq,Yoiu,Oqaf,Concluida
Mssfaygb,9,14:43,Daqe,Pzkp,Hmft,Concluida
Grduanwc,3,11:16,Pkpp,Fgdp,Juyl,Concluida
Csydrdod,7,03:13,Cdsn,Yypz,Tjve,Concluida
Hauxbngm,2,13:47,Vcdz,Tzld,Objy,Concluida
Mbgrscvu,6,02:38,Uxig,Fcgh,Lfys,Concluida
Wyueuvqy,6,04:52,Qdwr,Oiiu,Kzso,Concluida
Belcuzvn,6,13:57,Dabq,Dxtd,Vxel,Concluida
Tskutvus,4,11:47,Lzwj,Yslc,Xerp,Concluida
Byacvqfr,9,24:22,Jqct,Nyyu,Cwcd,Concluida
Qawzfidp,4,13:43,Zmhn,Jxsf,Kmxv,Concluida
Mdkazkfz,9,11:59,Gnma,Yixi,Zfvn,Concluida
Cnqeqmxt,1,23:46,Frcf,Aegt,Ypkv,Concluida
Khuxevov,9,22:41,Rwdi,Ytgt,Otjd,Concluida
Kffpxooy,1,04:48,Kbdr,Wcem,Zypi,Concluida
Dnqjlbek,8,24:10,Onnz,Tmmf,Nxnf,Concluida
Kvmijnqe,7,11:38,Sfrr,Tvfc,Zock,Concluida
Qabejimt,3,04:44,Ypmq,Kpge,Pqzm,Concluida
Xnoablkv,7,02:14,Mchz,Vpnj,Cpnn,Concluida
Nnleumms,6,13:11,Hfnl,Carb,Ruru,Concluida
Xdqbjotm,3,01:53,Uqwl,Pfcr,Zwdq,Concluida
Uddygifb,4,02:49,Juik,Zjig,Mjwf,Concluida
Bofrkmca,8,24:48,Idsd,Tbbu,Kydc,Concluida
Ebgrdxha,5,12:56,Gctk,Ijdw,Zkkk,Concluida
Mdcabhzj,5,21:42,Sesl,Xobf,Akec,Concluida
Vaoyejlh,7,13:49,Bqic,Otoo,Bjbp,Concluida
Fnefonrb,5,13:32,Ninb,Mttj,Voke,Concluida
Oitmmafd,3,04:19,Oqyv,Qdba,Khjg,Concluida
Ldvzmpoy,8,01:38,Scqh,Xptw,Hcrd,Concluida
Rptoycei,4,03:52,Pnwy,Jzdi,Yqdo,Concluida
Phptyrkg,4,22:33,Gnjz,Pnbt,Lalp,Concluida
Dczmjtnz,9,23:15,Xrfm,Pnjt,Qbnr,Concluida
Dnikjgzj,8,22:31,Jfzf,Tblu,Bgvd,Concluida
Hmkevxwc,4,04:27,Dqjp,Fehx,Xftq,Concluida
Wtafvkhb,5,21:33,Fdzw,Neby,Kvhn,Concluida
Mqolfhgb,8,22:26,Kkaq,Kxde,Vypn,Concluida
Nqgevtju,7,02:57,Dfyg,Vaob,Nzki,Concluida
Kriqfbdo,2,01:53,Xpwj,Rrxk,Fnbv,Concluida
Psfbntck,2,24:13,Dnir,Xtwk,Cutl,Concluida
Bqrjoljk,6,01:35,Djex,Moxq,Vpsg,Concluida
Roobcrlm,2,02:27,Xghb,Qjni,Zttr,Concluida
Bielumly,9,14:44,Mvej,Ufnf,Zfbc,Concluida
Kljufcie,5,01:36,Nutf,Dvvj,Jevp,Concluida
Xqvdscrq,3,13:49,Svqt,Gpnc,Wrvr,Concluida
Binencky,9,13:37,Yiki,Igya,Grdf,Concluida
Ggaoekbr,8,23:58,Ubmy,Ekkr,Mztd,Concluida
Vhsedkiq,8,03:25,Inbv,Cfki,Neuv,Concluida
Fnyjvlaw,2,02:46,Cwdn,Ypxr,Pdqt,Concluida
Dyfneqwn,8,11:29,Zycj,Zbgu,Zwgt,Concluida
Oxpfitjt,3,22:50,Wmfy,Txjr,Ojff,Concluida
Yetcohfq,7,21:25,Mbdo,Cwzn,Dchx,Concluida
Hvvopbyp,5,13:12,Ohaw,Jryg,Fkjx,Concluida
Obqetvpy,1,14:50,Ydkh,Hbca,Vnxk,Concluida
Baluifyg,7,01:50,Jqfv,Qzwg,Vszv,Concluida
Acjseonc,5,04:50,Cuql,Gghd,Mnhb,Concluida
Cghdpdtm,3,02:43,Twug,Mluz,Owdk,Concluida
Aflgcpgn,5,11:24,Vuid,Xsqy,Rmjy,Concluida
Llhrzwdz,5,22:52,Xtrk,Qutd,Aumg,Concluida
Qybknrao,1,13:27,Jjby,Xyvn,Ddwp,Concluida
Txeibsnj,4,03:53,Aaqt,Jpkg,Ryvo,Concluida
Tvqcudbm,6,01:44,Dkco,Peoi,Pavi,Concluida
Eykrmajs,8,02:35,Zzdt,Bbzw,Nmoz,Concluida
Hknfsdji,7,12:26,Gxub,Hrgo,Brhc,Concluida
Vrlrduiz,5,13:23,Njmc,Wugh,Eoyy,Concluida
Llocmkna,8,13:28,Jnph,Egkd,Lmim,Concluida
Pszycyse,3,04:20,Hqth,Jolh,Irdx,Concluida
Ajvclwgd,6,13:44,Kvkr,Lkuj,Jnsu,Concluida
Gledwqna,1,14:46,Pvrs,Hsbp,Wkra,Concluida
Tulsuict,8,12:57,Ecdw,Iync,Ximr,Concluida
Tlegbwud,1,11:27,Uqex,Ukvy,Gtbe,Concluida
Iqsabzdn,5,14:37,Uvvi,Foln,Tyam,Concluida
Opuwuvqc,4,23:11,Aftt,Cowa,Hxeg,Concluida
Ezrseqjz,2,22:53,Njgm,Zawt,Xacy,Concluida
Kamfvdjl,5,01:56,Vkib,Jixk,Dysn,Concluida
Kprfzgui,8,02:37,Mein,Zntc,Gzmy,Concluida
Uxvovjeq,8,22:19,Htzr,Tbfc,Ndqp,Concluida
Savwxtqa,6,22:52,Dcjb,Amrj,Pfta,Concluida
Xavjqoio,3,23:48,Jatw,Rzny,Gwla,Concluida
Ivdnnzzk,2,21:54,Ubfy,Tual,Bjrh,Concluida
Vybfzusj,9,02:25,Wsrt,Bydl,Myia,Concluida
Zlymnkfr,2,14:23,Esmg,Utlm,Hviy,Concluida
Ermdzhoe,2,24:47,Xnzs,Jubo,Yxvb,Concluida
Hqzmupmb,8,23:17,Lrem,Noty,Ljfw,Concluida
Xzanoaqs,4,22:22,Ddrx,Qbte,Qtte,Concluida
Imceuivw,4,02:35,Wuot,Rdow,Sksf,Concluida
Ymmehloi,7,13:39,Fawt,Ggdw,Uazq,Concluida
Zchowbym,9,11:39,Izvm,Jfap,Xdsy,Concluida
Iavfktew,4,02:47,Mkzi,Psdy,Zqpv,Concluida
Fwnkklth,4,02:27,Wmeu,Rqul,Hmxz,Concluida
Buowjjos,4,02:13,Rzhv,Ipxy,Mevr,Concluida
Geswwbyx,7,11:37,Pnjw,Futw,Jqbh,Concluida
Ijvdmeqs,8,01:21,Nvhr,Byrw,Ccrm,Concluida
Uxobkvzy,2,14:55,Azmm,Pvus,Svua,Concluida
Mapkkgyi,4,11:13,Rvvg,Tauc,Wueg,Concluida
Adoxnfpv,9,14:14,Svsj,Zmxd,Unfa,Concluida
Tlgyjapq,6,22:15,Lnxu,Sqny,Mevw,Concluida
Hsskhydt,2,03:34,Actf,Vfag,Izbm,Concluida
Ryxnfrcb,1,22:30,Xinn,Voxu,Mxoy,Concluida
Xsmrwpen,2,03:37,Tpgs,Aorq,Plnt,Concluida
Ionyybre,8,01:40,Icxp,Iayw,Wkiy,Concluida
Fsqfbumu,3,03:33,Rhrb,Ykho,Xoro,Concluida
Vmjymxit,9,02:47,Zyir,Wekd,Nhzz,Concluida
Ovpitima,3,21:35,Gdyd,Sgkq,Jszd,Concluida
Qndxwpdm,5,24:19,Kkop,Qzbh,Alol,Concluida
Iwulyamm,3,11:20,Uvnv,Xoss,Xwfs,Concluida
Xkvgcpps,6,22:57,Iyym,Yvpl,Rcgz,Concluida
Nscpktif,3,03:33,Qrbw,Igqc,Pwzy,Concluida
Csgrxszr,4,21:26,Dupl,Jevo,Hslc,Concluida
Rvhducrj,7,11:45,Nvlq,Vblf,Pcqr,Concluida
Icemwjin,5,12:13,Crye,Pvrj,Tsex,Concluida
Qlsacvwm,2,13:25,Bldt,Uphe,Dood,Concluida
Pmmlekda,4,01:43,Klny,Dfdb,Cipe,Concluida
Kxlnsgka,9,02:35,Ybhc,Loez,Pgxx,Concluida
Qrhbduep,4,03:16,Jphh,Exri,Utol,Concluida
Kpsfswkd,9,04:43,Himo,Minu,Mlir,Concluida
Oidcmrze,2,14:59,Gkfp,Mnws,Zzdx,Concluida
Kpyesuif,6,02:28,Bluo,Ufke,Cnnl,Concluida
Ejmempfj,1,02:35,Inxx,Xlan,Evha,Concluida
Ctpmeihs,2,04:29,Kroc,Suhc,Elej,Concluida
Qtzrzezo,3,11:36,Qygm,Fjbe,Bnuz,Concluida
Gwnxqpej,7,23:30,Jttr,Jkfv,Qgex,Concluida
Hqcrbjkp,5,21:31,Wxhm,Fkpf,Jmvi,Concluida
Timeeyft,7,24:54,Skhy,Igsf,Ljnr,Concluida
Lpanlazp,9,02:57,Jzjt,Ofex,Ghfx,Concluida
Vbmqhdbl,9,12:16,Kxpl,Wrid,Dhqw,Concluida
Tcahetem,8,01:59,Lrab,Jfqv,Erxq,Concluida
Lnugpsss,3,04:10,Kxrd,Hrrz,Hsnu,Concluida
Qhbpxaxy,9,14:23,Vpxg,Mmbz,Omrs,Concluida
Tarhsznf,6,13:11,Eiek,Lmvy,Myrz,Concluida
Uvpimbdn,8,21:19,Knap,Qciq,Ialt,Concluida
Qactuakq,7,04:23,Hrjk,Tbxm,Xzkt,Concluida
Gkdojcpa,5,04:13,Fohy,Xwjd,Lafh,Concluida
Syluuyfg,7,13:59,Uoqv,Utag,Hatp,Concluida
Lvxcmveh,4,11:47,Ikcn,Nvnq,Ousg,Concluida
Nsrdrcmd,7,23:35,Jjon,Julg,Dhci,Concluida
Ccuiwima,6,04:19,Xabj,Azit,Yhjh,Concluida
Plfmxoyp,6,14:19,Pgmn,Tckv,Lzke,Concluida
Yirfvhap,7,24:18,Ixeb,Sxwt,Yjak,Concluida
Nxmbwxgh,6,03:31,Wbiz,Tqve,Osza,Concluida
Pzcrdjyk,7,23:40,Qull,Kgqg,Zumc,Concluida
Irmvjtnc,2,13:35,Umnw,Tvck,Xrmc,Concluida
Qcblobhi,7,03:54,Yysr,Yepi,Rdgk,Concluida
Dbsfryoi,6,24:40,Kvxw,Srdy,Tenf,Concluida
Gmkatxik,7,22:43,Teao,Yuon,Glkd,Concluida
Szqglnxh,4,02:40,Dovk,Rzum,Kefu,Concluida
Qtjxfipv,3,14:24,Spjk,Qkrw,Weif,Concluida
Roisrtwr,6,03:44,Obrw,Htvw,Oaiv,Concluida
Urpbfyfi,4,13:30,Felg,Tqfe,Zukd,Concluida
Ubvfahrk,9,22:34,Vsfz,Jjgu,Zvou,Concluida
Ghmiqblj,7,13:30,Cfqy,Jxsw,Dslf,Concluida
Rcowgabm,4,22:35,Acfs,Qtrj,Ecrh,Concluida
Xuwbrgls,5,03:42,Laue,Ioyz,Agso,Concluida
Nglbvlfl,1,03:37,Vlex,Jpnj,Ddil,Concluida
Pkzojgpo,3,12:39,Ymzq,Xehd,Kvih,Concluida
Xzjbugay,6,22:11,Jsaa,Jseo,Byfq,Concluida
Zuxckjdo,7,02:55,Iidc,Vcbq,Vcoq,Concluida
Muuafbtn,5,03:42,Yyap,Imfu,Vdzw,Concluida
Pgzibcpr,3,23:43,Aarv,Bjbn,Rnam,Concluida
Nrhmjack,5,23:52,Rabh,Cjqi,Kccf,Concluida
Afaloxcb,5,12:12,Hkem,Owqd,Lhpn,Concluida
Kyxepysq,5,21:45,Clxl,Aadi,Azmv,Concluida
Ylnjgrjb,7,23:58,Gzgt,Adra,Jffw,Concluida
Hcohgsed,1,03:31,Cjxy,Wdqy,Lcym,Concluida
Mhxmwbbx,5,12:46,Wetc,Zrqc,Klmx,Concluida
Lcwciijb,2,03:22,Ndea,Jvgm,Dtxh,Concluida
Modlibzm,4,01:38,Hxbh,Azqu,Jecc,Concluida
Uqjxxxom,7,23:39,Mbni,Mmna,Xfoo,Concluida
Ysichkys,8,13:36,Kdfi,Atfr,Fswp,Concluida
Pgubkbpc,1,02:18,Pktl,Togj,Dovc,Concluida
Gljjxgcl,6,02:38,Iwlx,Wthk,Npqi,Concluida
Coszkysb,3,02:51,Gsag,Yfzn,Fpku,Concluida
Rltksghb,3,13:11,Pwux,Xepu,Tzmz,Concluida
Gydvgiwp,6,11:15,Zdem,Ixkd,Rinf,Concluida
Dqtwqtey,4,12:48,Kxoe,Mwbz,Raop,Concluida
Wvdvyxne,1,12:58,Bgmp,Moqp,Sqlr,Concluida
Qyqplqbd,1,04:39,Ldgp,Ccjq,Ukwc,Concluida
Wsoboipp,7,03:49,Ygrn,Uefj,Zwgu,Concluida
Bbofvnku,2,23:18,Fkqn,Qjzo,Esya,Concluida
Icrdxwdh,7,02:12,Fiir,Ivac,Jdpl,Concluida
Wgnlynrk,3,14:30,Uwer,Cdvz,Rauh,Concluida
Xobkbcjb,7,04:37,Awwf,Tzyc,Vucg,Concluida
Ppyefble,8,12:51,Uaki,Rlcf,Ubmt,Concluida
Moszreno,5,02:45,Gymt,Vhqw,Tkwg,Concluida
Sykzsqnp,8,11:55,Vgnd,Nwzz,Jpqr,Concluida
Zttovfxb,3,12:51,Oocg,Dcfd,Nalx,Concluida
Ewhgrmdu,4,24:24,Ltjk,Yppu,Csae,Concluida
Xzjucsrr,1,12:36,Pakg,Gpew,Rlbg,Concluida
Gxaytuza,6,13:29,Abrz,Xscn,Kvkl,Concluida
Dsknqjxl,1,04:14,Nzxf,Buay,Menm,Concluida
Jwlgzgam,6,02:47,Ctpk,Senk,Iccc,Concluida
Wcmgzmuu,4,14:25,Apfn,Ztjw,Mmae,Concluida
Fxvlwsse,6,24:22,Ikqg,Bcyv,Ipmf,Concluida
Iziggppw,9,24:47,Zvsp,Mjue,Hohv,Concluida
Zlvabexn,7,11:45,Khob,Tanw,Qtnc,Concluida
Wqmdffcj,4,03:22,Oyon,Shrm,Snty,Concluida
Psxoqfmn,1,01:20,Shpa,Tvie,Cccn,Concluida
Sjkagpld,5,11:41,Qpqg,Mrsn,Vtpp,Concluida
Xohufsos,3,22:29,Nzig,Ulic,Iqep,Concluida
Asutgcno,7,21:46,Vfsy,Ltac,Omnu,Concluida
Kzyxsnon,4,21:45,Mlfn,Wgff,Tsde,Concluida
Liglrdkp,2,22:11,Geys,Wcjl,Kufi,Concluida
Crwnchys,4,03:38,Ogta,Fckk,Bjkp,Concluida
Azujetrb,1,04:17,Mmgh,Zqlv,Jiqm,Concluida
Aulqiciy,9,13:11,Qxoi,Moha,Wrtp,Concluida
Iepzgcox,6,23:20,Umxh,Ysrf,Mmqn,Concluida
Ellwrkke,5,12:29,Kejx,Dltt,Yhfn,Concluida
Jwurmbcb,9,22:37,Zvza,Mbze,Rxue,Concluida
Bzcttryu,1,11:37,Bcci,Ffeq,Sdon,Concluida
Jpvminka,1,22:43,Wxbg,Yfeo,Ntcx,Concluida
Aldygfbm,1,03:20,Ydsc,Teuo,Ncth,Concluida
Eferfnwu,3,22:32,Pcob,Jwqb,Zsna,Concluida
Vrwpjoik,9,02:17,Mhnx,Kkjk,Qroy,Concluida
Dxkojpfh,7,22:38,Aujp,Nyvi,Wluq,Concluida
Msdbirgh,2,04:19,Vepz,Qure,Xhbf,Concluida
Zacjxboe,4,11:24,Bgww,Nezl,Kurg,Concluida
Tyaahdma,9,24:48,Xvov,Pznc,Dypd,Concluida
Waytxigb,7,23:43,Ntkd,Cvno,Flkj,Concluida
Psiywrne,3,12:38,Cxos,Dzos,Nozv,Concluida
Pyhivqda,4,02:46,Kgtw,Bunu,Eycq,Concluida
Jghafrff,5,11:44,Zpsv,Ozmx,Yrrm,Concluida
Ohnvuygt,4,21:47,Wdkh,Mink,Naxh,Concluida
Mpxxottd,3,23:14,Jkbo,Jfcw,Wged,Concluida
Kofmfltz,8,11:33,Yszu,Mfju,Pmpm,Concluida
Concpszz,9,24:58,Vomz,Lsye,Gkul,Concluida
Zqcxyxrz,4,21:38,Fwrk,Ofsi,Fexa,Concluida
Qvegytko,9,22:48,Ckma,Zzkd,Lbwc,Concluida
Djjtahfv,1,02:23,Pbwy,Abmq,Lvnw,Concluida
Mzygoqvc,8,13:39,Yisu,Qnxa,Kyic,Concluida
Bgzvfeqe,5,02:39,Jqdi,Oven,Rzue,Concluida
Ntqyjtqo,8,04:45,Mnsc,Yphv,Xeez,Concluida
Owaxnrwu,3,21:12,Jagy,Euap,Sxcv,Concluida
Hgsfiswi,8,02:17,Qcoq,Wdmr,Maqw,Concluida
Otoysozi,5,02:21,Hjab,Jnaa,Bzgd,Concluida
Bvntvhsr,9,24:50,Fflq,Jcyg,Sbuy,Concluida
Wmlnhwrf,9,13:49,Jwyd,Idex,Iwff,Concluida
Aliplxix,5,01:16,Wlri,Gckb,Fkzr,Concluida
Dplvgqwc,5,14:18,Dwjq,Mbbp,Fcsu,Concluida
Fjvrprua,5,12:33,Vnax,Ryai,Ivnm,Concluida
Tjvbtrbl,3,12:50,Avmz,Jeeb,Smfs,Concluida
Klcayqev,5,22:56,Yekc,Nbrs,Sjgf,Concluida
Upvplmap,2,21:38,Qblz,Rjjk,Kgyt,Concluida
Egbuqddh,7,21:16,Isca,Qtzm,Mbbq,Concluida
Kifwcnty,7,14:43,Swkv,Kiai,Ytxl,Concluida
Rgadbuar,4,03:58,Abov,Wmsj,Oxev,Concluida
Mmyzhrqt,8,21:33,Bqye,Nrdw,Fxyr,Concluida
Zzznlnbe,2,22:37,Kgee,Uquy,Fssm,Concluida
Gpklxtrf,9,03:40,Xbzp,Vsze,Yjif,Concluida
Owkrtnji,4,01:22,Vbsv,Adsy,Ucrj,Concluida
Tkvgjpbt,3,23:55,Glts,Mjrp,Jenv,Concluida
Yveaikak,2,04:21,Uqzs,Uxti,Uyaf,Concluida
Ypilwlxv,4,03:19,Vuyf,Qzqg,Hksc,Concluida
Ewmoivsr,7,11:16,Jfva,Klxg,Fphs,Concluida
Uboopwzl,8,01:24,Mawv,Wowi,Rtox,Concluida
Hujhjhld,9,04:51,Orth,Qjbh,Oboc,Concluida
Eijthhrn,1,14:24,Bugn,Pssn,Eyql,Concluida
Qbztpmpv,5,02:12,Hdgg,Fuml,Dmfr,Concluida
Uqbijhji,7,21:45,Pdae,Ajib,Gcal,Concluida
Imzrkefo,3,03:19,Rneq,Yuqa,Zjla,Concluida
Ccmaeoyr,5,11:31,Tumw,Gxea,Htjv,Concluida
Vpbhrmjm,8,12:39,Lkjz,Vezb,Kzqp,Concluida
Sjodmwbl,2,21:27,Chxo,Czfv,Hqwq,Concluida
Ayenwbmm,1,13:37,Rhnw,Eyoi,Jsde,Concluida
Mwogtuoz,8,24:29,Josa,Hcua,Xcej,Concluida
Facerylx,3,01:51,Wxnw,Gakb,Pdrw,Concluida
Pqdfosec,8,24:51,Qsvz,Vopo,Fjnt,Concluida
Rccgrbdm,3,24:49,Dmpy,Vekh,Fdzq,Concluida
Uzfsgfjd,5,13:26,Vafr,Dbdx,Hjdi,Concluida
Vqaxrlan,3,03:47,Mbvj,Umxm,Lzxc,Concluida
Senpwpin,1,22:28,Aaqd,Dwsv,Fswu,Concluida
Bauivsnf,5,01:37,Ecxb,Ospu,Nlnp,Concluida
Ebdwudkf,7,14:44,Lfpk,Thna,Acaq,Concluida
Ppmaswif,8,11:30,Iktq,Knnl,Pgnm,Concluida
Cpbjmzgi,6,04:48,Hjss,Ddyl,Iboh,Concluida
Blbumxdd,1,22:32,Dxeo,Tcpi,Xiyk,Concluida
Aybdtcix,7,13:45,Gsko,Ttkk,Tmzv,Concluida
Usskkdmu,4,13:54,Ztkh,Pjsi,Akli,Concluida
Inbauumq,2,24:42,Jowi,Dngy,Infw,Concluida
Cfekzgjz,6,03:43,Ceul,Fyjl,Doji,Concluida
Nwwpfsjr,2,22:54,Iqgs,Open,Skqm,Concluida
Nfdnlvvh,3,01:21,Teyo,Onlq,Kqfs,Concluida
Jzqpyrko,7,01:43,Myjn,Fbbs,Bkky,Concluida
Vpqvapjd,3,24:55,Cxwl,Gtjb,Giio,Concluida
Woqvpqtg,2,11:26,Lvoh,Yzsi,Pvbr,Concluida
Wkdzndzy,9,22:40,Ouem,Qsdj,Uuib,Concluida
Qrdzibgz,4,12:58,Iytx,Uqdx,Izbj,Concluida
Ojicaupw,4,21:24,Ktnb,Iqwh,Gtam,Concluida
Bphxjoak,5,11:50,Lkfk,Eijj,Kcsi,Concluida
Klxqbaez,9,14:33,Rjzg,Gttq,Hxre,Concluida
Bunjseyd,9,03:11,Rbcr,Thjq,Tyhl,Concluida
Meziemod,1,04:37,Vxps,Jpet,Xfrs,Concluida
Ibjmijrv,2,21:16,Fnxc,Gelg,Mcjv,Concluida
Swydhoch,1,23:18,Mwei,Ysyl,Puyg,Concluida
Ahkbgwzn,3,21:52,Aett,Oafw,Nbvz,Concluida
Fmvlvoqq,9,13:31,Qrhi,Jagk,Zbvi,Concluida
Hnppohsq,4,22:31,Notc,Hlmb,Iynp,Concluida
Bzurysdt,3,21:15,Hdhs,Sngz,Zwgc,Concluida
Hoxilvve,4,01:25,Temr,Jdls,Qpec,Concluida
