nome,usuario,curso,senha
AlineSouza,qowwjgf,tlpyxwp,184217
Zqlzviwc,mqtggia,kdubziu,167972
Cgxdumrh,bvvpffs,owtzyic,928981
Jhfajowv,vofplpg,xqgtjlk,975259
Dlrdyyiu,kyqdgwo,kysrmet,340138
Vpacmzju,yldaght,scnuoeb,991547
Knaoehdq,mirlkhh,bglldfv,151695
Hdzjbehg,dgcieim,zmsvepi,693622
Cxvcyvyu,jlrymhm,qevsvuy,126602
Iiyordrc,oxhxxqy,cgbdjvh,512272
Dwizmszo,wvxkybr,zibopqq,950364
Rznwllya,xpifror,wlsoozu,487973
Yydabmld,wnqnwyf,dxbhmkw,625923
Xebudkzo,khlwwjz,aziiycf,545816
Wxyguhim,pmxnztw,huznjqt,263729
Lbemgczz,cywsedx,agirdjt,961502
Lgmqzakn,jylcbul,yavnqya,971891
Vmkdtchi,spndwty,utvldtv,215650
Tojdiphq,ghsepda,zkrxtlm,294044
Yatyltck,fxsdycn,jdqfjju,320823
Wfmopmmb,urrtuhz,xfhjbwd,290900
Ecjjqdmh,xwltgml,mtryqba,825385
Assazafy,zucqjjl,dofkrav,974701
Jmxgibmg,gddbgfc,vgowwua,105122
Xnyktshu,pdpzjyq,sivoabx,974964
Egmujvlm,cvnuvlj,tmarpeb,963250
Dcsgwswb,kgntriy,jzqbzbp,853336
Mgrsykor,eqhgswx,yfbescp,116656
Tbghiyjn,chdxbiv,ekkvxpm,724929
Xllasedk,xlanfnn,pobquxc,637019
Zussmsjb,jptuvmp,ktilqay,464484
Mutgmmdb,levikif,wekqgqs,489557
Vzljmaka,poziljn,kqfnwsq,618892
Qtxfilda,gadjgim,fxnhohl,666770
Ttpksmbo,rvdgpcs,qogltoj,655770
Rabcmthp,jyncbvy,jswbkwu,128740
Burgyczt,giamzvi,djbsfxs,489226
Xfcqvbpk,ywgniuz,kviskea,142581
Evjmwdjh,aiblunn,rltcntb,839927
Yracqqsu,keyfsth,resgvis,869413
Mqvysacz,oeunskp,kxuwxem,700649
Qqxedrvk,qrdpobh,zmxkyve,576885
Fguplzhu,pzfqgbo,kcgqtxt,815924
Fnzqingb,cqlgyna,edczupg,162672
Qqqpdvcn,zrfzxdt,uvueewo,461546
Qviywzlo,ztkrlud,spvawsj,170106
Fbspetxd,hzulbpa,ldzrivc,542577
Eaezcaig,svihoye,vukyrlu,152664
Ykcuchar,yezwrmd,mupgqjr,205499
Qaozuaem,eagbczr,auyfqfd,109328
Yjwzfxtf,twdcfcx,pucdmdj,685829
Wmjbxtib,mszcsfn,glltzzq,336453
Mpoyxfof,hcyubvd,dpxwffr,751182
Qpftvkfu,olfticz,isxgnvr,585799
Tnbpgtix,awazart,ciburbc,287393
Ztbbsarc,khrshrj,pahtznv,984959
Gcntlxut,ouivndj,ahxmtzo,491562
Quhevtmu,sfynfww,ufemzsz,359308
Eajjeabt,ormgneh,ktoosfa,940940
Lyrinpvg,keksatm,gwcgvtz,714621
Cywmurgv,dcuryde,tygxehp,806463
Jdgxrajx,bsasajl,uywwglb,867503
Osedweql,cnzzexn,pwqttdn,686201
Ahrzzvjw,yvlzhke,yhjzrug,619762
Ncfyhiem,zdadapr,ucmnawb,966312
Bwvflnik,iowkxzb,whwujvh,728066
Prtluelq,dgveogi,jlfkyaq,695762
Pbfpnxym,yrmuopd,ntlwhhx,196970
Vftpgtvt,wmlyixc,ktdgnvx,394974
Jazvlkwz,ifyqvzf,gmqkykw,479302
Dyzfczbw,mnvwpgx,gzkntid,679677
Ouuesqvl,drmhnhl,vlkbdac,795363
Ggatdkhi,osxtezj,haexpig,105379
Kvfaeapo,pvrhwti,bzsewhe,238372
Lqksjnwh,qrkdmmm,dwhhfkm,183897
Bqegqinv,zjnhsth,cduzhda,244676
Ffnkovuc,gbybcwh,wcotbue,659648
Qhqbjxrc,ujoulhu,gtuvbjm,710476
Qhbkpwvo,fflporp,bojmolv,508567
Qzreiwwb,hqyraxe,astagoe,605755
Pvphyksd,jbibyct,bjeaupv,397163
Tmqscrwr,byiqmqp,qzqbttl,307594
Tkhfzoqv,ushlbrd,fplqlbe,991172
Uvhipdto,mkjtqjc,nevtidp,614950
Hqkyhlaq,qstcxnn,qyhgjvd,771898
Jpyjjxqz,whyefjc,soakuqw,394112
Zfusoupk,vhnmssu,arpbtis,111929
Kdjostjt,tjbokug,cydferj,669184
Krpcxckh,anncmud,rhuiksf,472598
Llomyltv,edjajhi,egqdetw,138397
Whzmjxjd,xvqnkah,ogkpyuv,887887
Wfynatyg,obpvaqz,frafyjm,670446
Dczsaytt,urebjmd,mxgmuzm,801203
Upupdsyz,ckiqphz,tjuvyxn,782522
Vbftfhgz,iveqkrf,jnorcad,166442
Imaqswdl,cwlgvzf,gstvjuf,858564
Daxnppdx,mqetcxt,acsltgv,964816
Ltpknlqv,uzrycfr,hqepczq,395948
Axnwfmms,laoopgz,ohvddmy,491008
Ahwaplnk,jetbmxz,paiedle,998715
Feslbdmv,gfcibxm,drluydb,779753
Phlqbvar,qxhumbl,insrlzr,197829
Fncoxkci,loegall,wzvjwkw,640632
Khhpuxhf,orbbbpu,eeieics,943544
Xmanobej,gocsrxf,alghxzs,628681
Zswpxsql,rkinpyb,ccbcetw,863924
Ifvghmje,gxbakwe,zfwltfh,729377
Pckkqxyi,lwwgcrk,zciebwa,707097
Nxotkzqf,ynnegcb,ocmowbc,670221
Jbniwwvn,orqlnkr,mzoqlpj,135995
Bxiezhcl,jphwxnr,ovifdua,236494
Dbcdacbr,pwjtqew,alkmkym,669246
Kwzcjjgm,tktedgv,rvzsalq,495597
Sbhrjxll,yydrjnb,ezrovqo,712289
Vbmjjaol,rxojsou,bpozcih,910201
Eedsfktt,obfcznl,lcqalwy,776824
Uoulfxqu,togrgnp,vqzqvha,913348
Shvnoixo,jjfqjvn,ljpfvnu,200644
Rbzhzlkl,laasnhq,wkoioms,449095
Bohllefk,xujsepz,agayznd,224463
Giyauccg,zkcgakv,cjzextg,726101
Ldgusrws,yphlhnb,kilhqjp,337633
Aopqjixn,zszpqnj,niulyne,202418
Lxfpksru,avszldq,vzqoecb,331768
Jbpptioy,ihvecif,zzmlfgf,528147
Lkigsoqs,pybjqjq,qppxtut,272488
Njfismbc,suqjwft,lvomfwz,631640
Wwuntieg,kqcfthk,jlefzdq,195721
Qnwvlwni,mlpjugo,wlnjatg,734595
Ierbhtso,xzaqlqp,dzzwanh,820909
Iiodnypz,sujqumi,vtzqnlw,317256
Xaeqrabn,qtzdzjk,jjaowmk,484044
Fkyqxyyt,tgghtwt,rsccszd,643959
Elgzlqnw,cxiproy,gjbhovv,541043
Zzvaucmg,anrqakp,mmklkvs,379041
Tzywpqkz,ucscnhh,gmypbbm,914843
Cfzckewd,mmckkjo,imrdxuq,210059
Apleqsbn,esrjfya,uijlqll,498737
Osgiqqjn,xwdmcae,ennvktb,875967
Ewposvkv,ytowbuf,oewhkfz,546700
Xmvjsgee,pdioues,ogdwbhz,596318
Pfovpavc,fcngnls,wcwynhh,563684
Svbcfubw,nvgynlo,ioaffvx,663234
Yvlxgqvg,uwubeif,rejniyk,702396
Iholygdv,uhdntcb,kerwhhi,194712
Kkceoorf,trxxvwj,gyjdqrh,625670
Yjtyeahr,potsrdr,kcepkis,676514
Dmprubzy,wkmmqll,zodlbdf,731991
Wspcvhzo,bxzccpf,cxnevff,909930
Xrkrgssu,dhoonap,ozqgbbw,643992
Dqdvtxoj,ctuhbkj,qfsgssc,983300
Obsglbnj,fyxkzzi,vjdakve,306684
Gnzoqmok,nhncjmu,yiiyiiy,642173
Kkafiwsz,lhfvvgb,gjenglj,775599
Aerwfuem,jrcosjm,yflduvz,356085
Itgwwvbf,lwdcdfj,vguyyfh,297559
Nxfoxznf,ljmsjok,bybiixy,150658
Lllufvlk,etxcqza,kqxkxfx,428980
Vftshrni,jhfzrza,eorpxcd,198675
Ypmskrdh,rwukdoo,mdwsvez,778403
Hoyrbcza,lczkwuc,kgrddgo,928377
Xvhpteqp,hwzwnhk,ofnsjju,910191
Yxurensn,qcpqzna,slcqcas,169888
Ilytzdzy,pozpekm,vnvqubr,530255
Oadtpuhz,tlamuwz,ouzuvvz,789603
Cqjurpkm,ajvikgl,xvrirmi,768206
Trhrwyrr,tuestob,dqqhsru,528626
Lcwwklwq,cvrndek,fzpqcal,691341
Lqdqkgji,fhtzmih,jhrolif,159844
Bkzmyxrt,zfdebyz,aqevzxp,245457
Anrhltxi,ofzuvgr,uxuyvlr,244063
Qoevwbcs,yhbbchi,zztzubh,925162
Ykrglsnu,hbysyje,umoquzp,923693
Ihjbktof,thsxhjq,djlwpxj,442216
Bbgvxyoa,bubdtmo,ugpsvze,289516
Jmlwgkkn,kzzmbtz,qtmendh,110142
Bpsfbeny,tabzhkc,dzmcokj,137102
Kuxcdmlr,rntpkja,ybsvaoz,144423
Ahbftymu,dqripow,czqqdpz,145072
Krslvxee,sayzwrp,uerxfja,834062
Vpdajiio,uetwhro,zkmsrgd,375485
Ewjkfvza,bxkuubn,hduizie,927912
Kxfgawua,wfnpesa,tmvaxjo,391517
Bcpzognq,kllcioq,neyansw,473683
Otwplmjb,tosttee,rjvfxag,878513
Jjzckxpl,witfgfl,nnsomcv,529888
Fasrbgrv,gzgsaex,pdpesav,260203
Unfniiec,ygifxqc,flqobgq,306970
Hbkfnzdw,wbekcbz,swwlpbw,948484
Kuekgnpg,hcrrnmt,unulgnq,915886
Kdhgxkdb,wjptxbc,oqhiztv,749895
Lcqrgfrz,oqpdpgz,yzfznwf,543347
Ndfkwfrk,tztqvil,forumke,325189
Wibmgbtj,dnhpnav,jajtsuw,332666
Qnzvlrha,uageqpe,wktezds,177466
Sdzyfkyp,bdmvcke,hrflizd,535956
Xvwmhakw,faxpouy,ijymyri,679909
Vawlcjad,gcgrsoj,qenvltk,986312
Zrfvkplc,jowrzkg,isrcdfm,903049
Svotqdfs,gcijfrk,ywskgky,324698
Gwfsfpnw,bfpudgo,jinkyop,105866
Mqmcbrbm,wctpshi,jzuhruv,212365
Ksmjcqyj,tpwtdps,qpbzejt,336348
Ggfgktxq,nqebbmr,xlkutmi,390239
Kxtbagof,pcfdshe,ikycrnl,682042
Pyntbxky,qiyossq,pnqtbgq,629429
Tajkvhfq,sqxufly,qvwngxv,510233
Jlwdfxgv,bdsmspo,xndtfiq,204909
Vixaxuga,pptkdzd,nfwvyoi,343571
Annjqlhs,uvrfmkk,malqzmt,104165
Ycumhhal,oijnmhj,lszkvqo,843621
Miosfvew,emevgpg,ebvmfix,588520
Dbcdomjz,chelodb,ufpnipb,709096
Djzqvdox,jfgqzhq,dgazohh,161617
Dvamitnj,syxpzan,cswdhqz,304998
Eppqinig,diroxmm,wdovxeg,481944
Snkqeyek,nnqtqxz,majincj,295276
Rtpjncwa,rhgknja,zfvkiyq,461331
Nrnyfsry,ixbocza,atekgrf,653558
Ewsyyydz,vqrfnqw,uazekmo,525648
Ufpozvjk,ozovpxm,olierfm,710173
Rgqucpyg,zpxktaz,fycgjew,405444
Uxvpmkfi,saovork,cfjbarj,686451
Ehcatfho,splcwdl,oeohlbm,796447
Jwxyafxe,nbuezku,mibuhur,146196
Szncixsi,dfkijwv,ncxzbnn,140214
Gahttcyo,vwuubxf,unvcclg,204735
Pwsqgwdg,rwsdzme,owqzcqn,825351
Mglffeav,kjdnhse,oxggudz,164043
Vvjihghv,mrghjfc,njbwmhk,175057
Cqofxfvr,jqbmewu,elwjdds,450105
Wivyrfkx,keesndb,filncnz,202225
Atqrtnfy,finlbiv,eazbqvz,924350
Sxkpupvx,zlondxv,euogodx,171869
Zxrelydu,tvgagmi,savavvt,913060
Scypwhgr,kwsqjvm,jsoauhu,981222
Hhnuomya,hqjnmcp,enmkcxm,756568
Gmyxrdwd,osehfef,mtrjrab,830121
Cnawsefl,pailoth,jgafvge,907162
Rvosfaax,jcrcqab,wztszjm,940726
Hofwqzrr,sevaraf,tihiryp,207471
Tchdwcnn,bcggswl,grrpznv,631105
Estepvsk,qufgdpn,bhxgipt,385490
Fqwvyrem,fwmbfsu,gcovwnp,677819
Tnnnejxr,sltxxrw,uvfpryp,177866
Kiuhinrs,sceihuw,ffercpe,413761
Wkegqujw,qvnayly,ozvldez,685057
Lxrnncka,vdiwmwl,bkqzwks,213209
Cnsewdxf,wmgjasl,qrivbpn,646486
Flmettju,wvpppwp,opmcgci,505110
Ddwpystr,nkihrhp,vofnhlc,306369
Qbeuobbj,tbfkfsd,tvtldcr,376142
Mldubjjt,lxbzbzn,apzsiag,101832
Pfgjbvmb,pwvgtdt,aulcdky,726547
Umumwewf,rhoxzki,upybacw,849350
Yzpiptdi,cwgojcs,ddrzrpa,293145
Glqkuhcn,ddwnwhb,epdqpey,983880
Jadjjxos,munqrfs,rzzggnx,738901
Wkaidguk,hvrxsks,jbbypyf,158816
Xraccdav,zvwbbmt,tphepzo,947911
Xhglnsbi,oowmpkz,kvhjkhn,807834
Ylsqhatl,nxdksht,stkeifx,425753
Vinoqgfk,qzbmyqh,mfwsoqi,366855
Smbfehyr,iebluwo,lkufbgv,692328
Qekvbhit,aegjvcm,jcyrwxf,489006
Oulwjije,ifhjgmz,hkcuzlj,721681
Uymtntbp,zztbkwd,rfihzay,663523
Krbftexf,bikiqsw,cunqysl,632536
Yhngwcxf,xultwlx,ztzlcvq,145107
Axzkpmfe,xkolbeo,jbfipmu,715095
Ajeuyutn,mwfvcca,dsbpsgq,309601
Qcpbxacz,ydhjweg,gipgmqv,368924
Lvtitrqh,csybved,mfptjnj,976687
Jssskjre,gfmsnjx,wzlsdfk,872677
Qgqymfzq,thahqgm,cblhamq,259028
Gwgoyadc,cjmpoog,jxxppqt,380710
Mifdbzwp,srvwonf,rllcnxw,776658
Qglthbfq,pwarcsp,nvzhhvw,322486
Pwhqfvwy,ofskdoj,iujviij,651272
Mfqjxlsi,hpsfbgk,jphlwrv,924949
Qljlvyht,rygabxi,nljngjp,936240
Nqmrkwsu,gesvbrf,qdrcmpb,239194
Dxbviybu,sulspid,qukyvsx,261994
Ehdbtlbg,lbzisbn,usyvevs,518842
Zukllqdu,pnyazkc,idjtpll,595094
Sasqtxid,wpvejti,vnbxsfj,229678
Vcpjkqhe,qtetyqe,ndedgke,522521
Riyqobrc,uektzac,khdxjqu,130560
Lrsiklmp,obieeqi,imsuwtj,506504
Fkfbcyrt,qfypmuj,bgxqxsx,248075
Gcdkbzip,sorymeb,bkpdyep,285793
Qhbvyobi,ktoraso,ijxfdbk,323670
Mpnidpsf,sdhnrhp,kxurzok,962258
Fpjthwge,wbkyozp,pdejaml,710595
Nubwflvz,tgzxtux,lqpgihr,217386
Apeqqzjr,inxqqii,ndnfzfd,761808
Vhyjkrla,xiscsom,lkvooow,258519
Wqcblbvi,dmxeywa,icpnmpg,145114
Njfvrvas,zyfxrdo,lfdsedb,189138
Zzsklopf,aixtgdp,yaciswf,770597
Mnezpmpg,rjkrsnh,rjsmglj,517398
Ghxyesbw,niruhgy,ltpzyes,290973
Nccumkqy,hwjkwan,zkxmpfl,539532
Mpkuhmxs,apadtbo,wgntedo,230985
Twwvvypg,xnjnzxp,dmliecz,539880
Vomyqsko,bqrbaeg,cideqrt,882607
Ezhmvvoc,vrxxmbe,mdnqrwx,139644
Zfffvmmy,tyxypjy,ugherbc,110655
Htsherod,cmwuouy,iiztjzg,860603
Gvhgshdc,ddbsohp,orvrlij,794036
Uwqpyboc,zrhstsy,waulahr,640844
Fieimijt,nsvegbs,aalsmwn,940080
Wrmjzgmg,vanxlxd,okvxrrq,112382
Opzrfszn,fzsbpwy,glcxpoe,695416
Zaisljkh,ymbdegn,jehlkrl,494319
Zabkevsy,kudqegn,zqlejui,633270
Kujdzufm,jpvcgmh,qqmiatq,600103
Dmxppxke,lwogwji,lovywde,805136
Xivysvdo,mwxhvkv,imuuqco,296390
Ovvggsnb,emdqayg,sqmvwjj,835378
Ridsxhir,wsmionu,lbpwmog,797970
Ghxwhzax,lkvvmpv,lwimzip,452728
Djhbsfer,twsnban,tsragew,972493
Vivkgqzg,bfcbyxo,qrpfbjc,754884
Lfodmtek,ekpkpir,ebgetjq,479458
Utoljfun,aruipiv,jgrutrs,673260
Htqzmmpq,gooicun,tfftzmn,874161
Rinpxfks,bysfxvb,hulcdxv,871593
Tcesczta,cwkcplx,sysaxwq,436277
Tzgmrclu,vkmueac,xyrzfwk,614182
Cjuwhbrl,lweaeaz,jvvlacy,431502
Igdogjji,ubcekda,awdjnfo,280605
Urquqcqi,asqlvqy,polpoho,734349
Ihclaiww,emgjkhl,xatttji,864125
Ezozzges,lryeucr,gkugbvi,948432
Ysikiwvb,hcqcufk,nijrbxp,472483
Izzdlblg,wxzznbm,zjiibgd,632777
Aveugkhr,xpmgdjh,auqrjzu,707672
Jekjnucc,ytkvbam,lxhlkrh,374049
Kmqqffoa,brlqhzi,ofdykoh,942849
Atqhcwyb,ejovsql,ghvkpmp,310940
Nwelgaok,oemzclt,pbfazhf,480487
Yauiupbr,jplorbi,rwznbbv,668766
Oarjyaqi,ektjecz,kkzezuy,971653
Ygvpuvlc,dpatwhv,gdkbctj,808577
Dzsutpvg,qvtzdag,kciobuu,912915
Dpaoxlco,evotymy,ophfnak,492722
Ylgbttaz,ptwsgeh,wxnsshe,919560
Eedhumsk,daqywvm,aarygic,959906
Zpcepbql,cnfmsmf,jhnjasg,391318
Rhoxtghk,pmszdup,adwpknk,396157
Cwxlfnrq,ramcecq,kkqppyo,808465
Mijbwhyb,bzytdtf,dnnncwt,911852
Bipgadqm,zmbtmmc,xpgsabg,994072
Mvantmxl,huxvwwm,dyslwge,202732
Vxgfqmup,mosjjpf,hdbafxr,573855
Uhjjtxaa,uwnvoyr,pwyoxkz,213688
Slfeddtz,mnyjzzv,xueodhw,342662
Glsyethn,oopibaw,ztsgapz,347261
Cgkwjhtb,iypztrv,bndbdjn,208039
Frpfgijt,yaojvlt,xwqxcog,380285
Pkuhllxb,vcfulll,enpmstc,762067
Fmxttbqu,rfaueel,zqtwxzq,877690
Kpiustou,brehcnc,vvbldfu,511922
Qwgbypft,dmsmkie,nlfxtkf,306768
Gzvbfpuu,modjhpl,gzreoau,540074
Dwtpcspf,fveuyxl,mpwixkk,323490
Obzztzxp,blqveee,qhncqgq,919536
Xpamuplc,ewbseis,iowpmra,276067
Mllbcrro,vvytzpi,hsfpnoh,654603
Qbykhait,synmity,hrohomp,219527
Llrddylf,ludlhep,vokyfgu,524386
Nvsupdiz,jhlcuiy,sendnnv,483407
Wtzfrmtz,bovahxw,rnbazjz,762552
Mothsedb,nzqqzpw,pzxtvfr,838962
Awibbrmu,vhezewh,xakolve,928070
Rglyfjaz,jjkbnne,aojuqgy,604814
Gauhinws,lqfspod,getixba,775450
Qeromqnj,vdxqtxm,ckqqlzl,918496
Fzplrmnz,iiqawtd,vncjliy,142639
Ndweecap,bwqibgo,amlhlaa,358839
Ejuagqbr,amqktaq,jekxofw,271491
Zrcinril,mjvmklq,eazjxrw,517347
Kzmmsmdc,mdbspwd,xamnswg,423693
Azhlagyk,lwmutki,kjipypk,813662
Cmlnbgrq,tepfhel,lnekpwj,517298
Sjzvjyzl,oczhifg,saxyjqg,682244
Jkbqthky,mxnsqgb,uaadbte,719594
Omsytlnj,qrjnlwk,jilpbuo,349514
Jibppaus,zrbmgeo,drzcxyt,866729
Vqwzyhua,wsgiqhq,errudji,933954
Etriyoqf,jivgrcy,bevjbno,614844
Jegtnbnd,okuqgfa,cidrthz,530674
Afkvapzo,oyvlwjp,ltvcnsb,119066
Gzlhgtjo,dazkqcl,hktjpjt,677504
Gwrxqjos,zulxsyo,gecnjzs,929493
Fqjptxci,bnfvaub,wgpvnrz,357435
Gjndqhhy,ytilcnc,fjukapu,506359
Glzqziun,efsqaos,ocpaukq,538066
Bcnnpbeu,znqqrpp,nbzajhl,975296
Njndjspf,ycvsatw,obbnpke,445123
Jlxkbycw,vcqxisg,evmztcj,587369
Ekanabms,leebttw,nmnnlwa,429040
Fankefcd,ootiknt,sdzewto,820080
Arrczmui,uucibjk,qlmrqvk,153051
Bfcquxpo,wgwzuhf,hkaflcb,467534
Ndrkkpay,tjbmbdw,dggohxa,440874
Xwlodkqj,fysbsqd,wdnodcs,508517
Hyzongpy,oflvqvi,rigtxsd,777436
Azqdakjv,rmiqiqq,ieaywgm,533914
Grhgheiz,veaopdv,mxvriuv,452701
Babvlbop,reakhqh,zbogpyl,710771
Apgbmcyk,atcpqzb,akwuojy,595370
Sykfumqd,jenkxjf,onlstrs,811054
Vusnixwz,uwdgtjh,essrxwl,166318
Bldkdfaa,jlkgopl,fbrnphg,120465
Ljxdzzjz,cqjnptd,oztrusa,904366
Jiymfblf,zmtfhfd,ndugthr,836092
Dicnljcn,cfcbhac,mxgvylq,245415
Lfqbaqse,oxcsmbr,ngwiken,682272
Vgezkgrx,byxtslf,dcawxep,780977
Aaoeafmp,pkmmauw,cftqhfe,309276
Llhzysqt,igrccbc,bqxdoua,878229
Qqdvjild,ucsdwwx,fwtpsur,449373
Vqbwegsm,peyqsni,uxwdfdg,376457
Wbmumypo,ofgtadj,eobbfgl,821610
Xypfimfg,zswsbrs,pdrukyb,523277
Hiunzrfi,ugmdyjn,waihhdr,208683
Matqmhdw,pqzgzlt,sekemkq,867423
Lfelrjnc,ekldfjn,xvwkwcb,883900
Ggaekvpc,rturchv,jinvpwv,404074
Lxwrfmfj,kjjdppz,zzsdijr,592077
Qmzimgsk,ouvkunm,dfheuny,147510
Brdgriri,poofzgc,wdrghhi,598655
Mvhlzque,jrvwmbu,qvppmwl,738213
Vbsfuafo,usosveg,onylqnw,625858
Azmdotjy,pkivwhk,dquilud,937783
Bctcasif,ccjcmtg,pknhylw,636272
Jwrypksx,vrwkvyp,bnbzjdp,332140
Kngvjmap,wrxlphd,gesetve,184641
Yxmrcbbv,zephllh,zhsonpd,410971
Isbzgvyi,wihqpgg,sfhlnut,260336
Kdnfalew,lvwqzbi,xcsqndl,795047
Bdrtzxgw,efinttk,itveuld,270814
Gczciyen,rmscopi,nvkqvzw,999061
Ovgtstbq,mimqecy,bfqrffv,651957
Lmzyvvro,jdjpanl,brplybu,869181
Qfrjhnsl,dvrcdzx,sjnnfby,505275
Xisodyep,gfajqgx,iwspden,802939
Afcbkwmb,dvjbbhf,rqxbdsl,737341
Lxywytip,liphwvd,sejquyr,596022
Pghqtuyv,awwqwvd,iqvddzm,240820
Ggysvqte,fcsvnhh,nhwudqy,992201
Uigfhirb,onjqxbt,mrtneec,283705
Pbjtgmhq,wcgmxdu,alqpnao,277131
Uxopnkge,akbdbrw,wwbohva,627878
Qyzndmqc,rqsidkb,aqmccsn,451092
Nmwjdxty,ppnihzw,mkedlum,269204
Knrjdaux,pacgdlj,djdlfdn,583523
Phxkhouu,vmzrwky,cmjsqyq,350205
Mjadfxhy,wftvvls,itmnifl,110041
Scpxeqan,gcnuwek,exubars,317473
Ummptvsb,wenpbzr,ogpbejb,858479
Vjduwuds,qbkmjev,tycuuwv,829822
Andvcqqz,zpdzajp,uqfjbny,721100
Oxdgsbmk,olgghso,rgknach,347162
Ntgcprlu,vdwfrch,qnslkpp,596728
Ufxvwfbt,behvjdb,xyxkolv,789169
Ntqqbneo,rjnghiu,rjhqpdv,253148
Vjlugkea,dwygbcq,vtclkiq,747625
Ojomwzpu,vmpgbpx,rrhdbnk,705158
Cwhuojtg,gwzkwpt,kdsdceh,754525
Dnjfunum,wrpkiqi,thkwwif,427643
Jihdgntm,ghsizdr,mombmlg,139974
Icsrfdwj,oyhpfif,qnnsgiy,725867
Pasxnikv,llonxdf,rpbtnlm,734141
Irgudgak,drnfeqj,ldpmydx,284061
Vjohoywh,qjndduq,hmtniii,579170
Qzrwluim,jqgpjri,zxgmsuy,279540
Uxakualr,zpqlhbj,bgwkcbp,495491
Cgomzwug,akvxzay,gaywdid,731916
Jjgxewwx,ijjmlct,hvadhlj,342005
Mnfkmzgh,omkmcoj,ktvjpax,149370
Vjrdzjfl,ztjytbm,gyenynz,653026
Vdgmcgih,zqtvcqg,nrfmxlt,858350
Vewhaaqi,gslnaob,ownnqpl,583339
Ylzqwavr,edelfcc,ybdtoyh,746996
Btnincgw,freafth,vrxoidg,157524
Oacbqcbu,keiudue,ltmpena,647676
Mpbqremk,pegemmr,faynjjj,485330
Omfagckj,pydmuxg,ydvwyhm,700955
Oidubnsk,olypqid,zfccsse,346551
Lqtbeaot,mvwddmk,nkhkuch,305863
Jgqmaziq,lpzpvpy,tejzzrl,665830
Kcbkeocx,ydugram,nbkafxp,462032
Wzttynzg,nbtgnor,wrjomuu,789810
Tkpefzoa,bdavntq,chqrfph,723313
Whzujfbz,ohlware,iyixdoc,747271
Xoycoluu,zixikvc,llnphhz,406354
Lsltbhja,kymhrrd,xodppfy,843027
Ndjetmfd,bylpann,pgrxpum,944880
Qbtzovlg,dchlqpe,derdohw,688905
Itczochw,josbqme,xqdtybi,640304
Ytdcyskm,aodzvuz,ppmicjm,918418
Mtepohnh,nihzgvw,rhglaue,355078
Tzysxywh,xlopthc,mpnuyqw,903991
Fbnxetxg,jhwudll,tiozadt,982394
Axupwdej,witvkqc,radpleg,889428
Palmacml,oycqerz,ixhsanl,732073
Cscrrpra,yhdzaqy,oujyiad,732508
Npfqlomg,jtgljdm,smxjlvy,640481
Rsgwhyax,pesgbsj,cwrkfzw,896006
Chiporjt,oxfykvc,cdvnsnb,502878
Vwvpsrac,pwputxb,medyepn,581383
Paagvwfm,aeefmsa,iclollg,701531
Chtzfhex,bnsmxfp,vmiaguc,628536
Zlzhotgu,dffhgbr,jysyhme,544271
Tfottzpr,jbwvmok,bdbccyt,528704
Ywgaacnt,tdjvqkb,dicmidv,447598
Lcfazpei,mamzwfz,qzmdpnp,365088
Wycznpyz,uppnsbe,brzptkb,252744
Qphhgtnl,ntrndbe,yrbfoyy,262655
Dcqjutuq,cihxxlj,hxdiuvy,136226
Yavcdgtp,ikfhsnj,jhhyucq,995814
Lnbmlvjg,nvwgnhs,lkxfafk,311464
Dyvykjrl,bdanbcx,daytryw,814837
Wjdlufnz,sopaqgy,lmogail,732148
Srrmigcl,xiunnut,tpbmzqa,170613
Gejfgchc,wigsvya,yrzrdcv,248464
Fckitvua,zckwbtq,vdzoflf,686708
Pfptxhqc,vliwtpl,xhlaufx,479182
Zhdeuwrg,jtbiynp,erttntu,846466
Qibqawup,pobjzla,fixxyzy,959630
Lgpgdarj,fwrpixc,ghnelrt,757883
Mlaohkus,hmsqjzs,ihijtdv,501625
Cggpdqte,kpxnxiy,wktbdvh,312302
Eyyopsxv,deejtgb,qvqmbtz,336722
Lgfbkziw,oebdgmn,hgkydbj,300068
Nkovapfv,xhygvcf,dezzhlo,242119
Mnztnvde,oxzhjjt,gvstavi,167002
Xdodulvj,qitbhdd,cbztpow,956453
Xhoyafat,xuvpexg,grslfia,713621
Tlkppjzl,lliebwr,jyaqchw,653763
Hwnzhepn,ecqijfl,solffuz,364413
Ilcljwuh,rjkirzo,ylmxjly,672002
Smwtyfeb,wivqxmc,wqvjiko,128887
Xscffete,kouzlgu,wqvqzao,425133
Tgsplkki,qvtjxlh,awmsoui,131744
Zymjfzfp,rrrmsre,ehehqjq,193707
Zggffqoo,tkpjron,pmmnttb,797978
Kfonozrw,ixagpwy,sfwdyos,385866
Rdvhfdcc,gcmgvhv,fknpewu,337487
Fqnitymq,myoksfd,qsztpxi,534206
Kezvhhkx,zwmhivt,ozedwpo,258149
Fjtjqlen,uibwvii,ujqicef,165941
Jgqxoaqk,npdhgyq,kduoemj,713874
Sqqqipsf,zxfpigq,fpxhlwm,843668
Eznfmkrt,judhlcr,tdgrlre,137601
Gdenzhzg,ntwrmsp,etcjctm,762740
Ysytvpjg,rodpdbd,apsouhr,517380
Xfvuaawi,mgmvylc,gggkpec,805494
Ooszkfwe,cqdrgrr,svbozis,971635
Zfgzwsvz,gmgkblf,guxqrkz,715280
Datiuogk,iyiltep,cqemroz,390429
Tfaidoob,tyfyela,frsjmxg,831081
Zjidxaxn,rkddibh,vxjdllt,762142
Pxirwput,woxaqzs,uycbwys,342754
Cnazsxug,ofnftcq,juorjqg,124331
Liatyajs,dujuvfm,chchntj,333278
Slmzwjth,qbqbamt,jewnrex,650070
Jvwxhfkt,lhlrrgr,bikegjr,732630
Gwkughyc,togzbrt,jmitnrp,660242
Qfbahgqt,acwuuby,wzmankh,905001
Tombjbzi,lhblkxk,pvllpkf,621189
Rpzinkgc,qsycunx,pfxdjra,628803
Czetdkhg,wwceygh,yypacat,759095
Enwwsbzd,bmfxbnl,lioozmh,495559
Voyeacyx,rrspfox,jydqlui,545873
Qgsjczsx,ydygbnf,vnpcpqo,827667
Glrhctiz,htkqfov,gozhqvb,234671
Mofqreci,gqniagm,oqltljs,684930
Wrjpjwtn,dphuexn,yblkgma,690159
Glmutwdd,ihzvpxq,umcxvnu,486787
Hmotspmb,xhaqjnl,oampgqg,744355
Gvsgdror,kclscni,yihaxzd,752612
Egxpyagc,sdklwpv,gwibpop,167392
Bychpnlv,chccmim,pdhbzan,405157
Unfwveif,xrudyxo,nieahdg,962911
Izzsyvrh,ivjocgs,jsldvdc,326971
Jupugbmc,iffdqjw,hqzwlrz,297570
Fxmowpfn,tpqdalj,bdwrrmt,902310
Mwmetqoz,uvtmgub,bqiroff,389965
Fmagmwbp,oujnive,zzphtix,830793
Iibefzci,racofsz,xrxrbsx,290645
Zubxxfie,ihihivl,wnnyceo,422680
Bsemxyph,cbmocls,mbskyhz,988864
Hzwxdvup,kbffubu,uyebcco,904218
Oualbdwn,ckfpxlr,bgzipif,196737
Whyqmbeo,qbncmhv,bcdvawl,100800
Smcjezbi,omxsigq,fvnkqqd,211015
Uzvoqujx,gidgvkb,hrckwqp,489654
Ylmzthzj,qyepkju,dvpmnej,366756
Uqugvpjq,xlsazrv,yxinjzw,879898
Ratuvztn,cschwmn,nvgmacc,885612
Sltnocvq,zkjjxbl,pcilwrl,590635
Vkgxaazz,zxizbzb,gwiqofo,614010
Bannjxqp,zkmsakm,nlvbbij,491077
Hfopkqbi,wfoqiyh,kueltgf,449972
Xfmirdli,yuwxgpc,nwrmblk,787905
Dhdvkzpv,nqbfcfa,hslvbxx,293150
Oumexcrv,wzybxcg,rzlvjez,821482
Fnbexznb,vabxztk,rsthchn,514353
Mevczbig,ayypjio,egpbbsz,643367
Dbzudiqn,msnytiw,gootpgg,790557
Gzvpaeju,scdbzrj,ojsnvva,405674
Yzgluuco,ycororv,nvcucnc,236964
Ebiwbgvw,rhdnewa,ckzxduv,830242
Xkdrtnmj,izregyd,xmliijc,735055
Xbefowqt,lsjlbvd,gtutacz,775458
Xknvjmxt,ceqfbaj,slruqzi,804133
Gjehkcdy,urmuffd,ndkkxex,312455
Yqdcyouw,dboikdt,wwbwgiw,637862
Vnzkmlom,guujtsy,ivswaio,488711
Jozaghpq,laexgwe,zzjamup,941503
Pyngftsv,kkrmxhn,upzplrr,391560
Vjtzytay,axfdhyr,ezzgsmo,331269
Eowusafl,iqcgtvz,hejdwmk,300224
Hdondxjj,hahactz,fabkobm,414561
Otxduaut,drxugqc,qnzkftc,330781
Qsdtsxab,xlhkeak,xisdbbt,664258
Jtxhswxj,tpzyfhz,fpxetme,940013
Fufncxxe,vugieqy,sqqtaof,392145
Zialtlno,blrmfoi,hkmqinu,426598
Qeubwkpq,urtduqn,munfcrw,625306
Kiwiasuk,kydgbwl,zxkxazb,287133
Pfpxxupw,chfgosl,zexctjz,451210
Wnuhvxzu,wjwihhq,ellqwlh,631311
Wiyasrhy,trgepjh,fcsmlrp,167687
Iycmwble,jhwfivx,jymqsjj,160450
Lfybkkwu,emmjmgh,jsfrplh,105020
Nlstvrkb,xgbcygp,rgdjhdq,622081
Whunefji,deeiszw,knoeiev,346682
Hlbowkoz,roibzve,ehyhhuo,728953
Bamukbvu,qvynwhi,hxowtnt,608555
Wgizphdo,xcmplpl,vuypbkl,952064
Vcfboyqi,ffcfrwf,jjtykzr,487121
Hqtnuivn,pcgdcds,frzgsqj,825140
Deunackt,lvmohht,ayswkla,663008
Meksvpzz,aiqcnwq,dyumyvj,304767
Brwkfbvv,magrplk,msxrcsc,844161
Xyolflng,gxebbzg,yatjhiq,254648
Anltwgzf,dolsvqs,mexfghh,348740
Fykiskup,ayybxyx,abimeil,679041
Sqcgqjvz,bglarfs,eognznd,853934
Srrdoflw,jrmhbez,wxvyggd,400174
Yqtithts,fhfmobq,jbzdfsu,296862
Pxbsdndh,tpnksak,elmcxfd,741361
Prdtoqrv,okqlspg,hrzwedb,363529
Eacqaaup,jkrjzni,wvidmwn,652839
Qxdwrkoo,yyecjbz,vfrgkyl,642703
Ghlsihem,gqfkbcb,nbuhyvg,752141
Luiwjtma,pvyftqi,boxjntm,930469
Lcrppbab,gcdegfz,iziltyn,908883
Bwqhxrkn,nwmmnzj,jdzoblj,858717
Pyqbmjop,bfgzpjp,zbcndnz,545474
Kvsxdpau,dudltnz,cquhvmc,719268
Qslorjfi,yyxvuth,fwwnbaj,822726
Uhydqqtr,jrwjhww,cqjwxkd,798423
Zeebqesb,twioskz,msyqnyz,674381
Bioczmeq,tphgijc,dcjhbwb,781299
Carsijlp,xgdgegv,voolpir,926262
Kkufkrhg,bzrmbzi,wtgbbui,706052
Uhxunjor,gsasclx,kqjdvme,697522
Ivyqocjl,rwryayr,sixquze,682249
Xeceigdf,jnwgpgq,skiptvm,553078
Duhjhiyu,mlwmnkk,ygszqru,471073
Fbgcflhe,khrmvlu,sregpip,953580
Djbrnoaw,conlkcc,xpsojpl,300413
Gbyyzgzm,ewnpgni,jjpwssb,748862
Glpzbllv,mbjbayr,umunuve,278178
Bzmdrfzr,cmvfnbj,norvbyv,520244
Hpdeucod,nluowwo,zbgsgjk,902612
Qewlktin,kaufqfv,dsgbdzt,638783
Uvzpkfdi,pjvplbi,vcaqewe,454190
Lzdigvny,eselbtx,quuzzah,863623
Btsivhfw,kpfcwar,aqynuab,438646
Ksmrbvbs,szorprs,uxnhbcg,861585
Gpttyotn,uxnovrf,akdfbrg,523264
Tonpeyue,ykefsuv,pvbuyld,178680
Ayimcpns,zauwvxk,qqqkzsu,953331
Mgswlotl,vpngjjs,seaperu,668632
Tqvglhbt,zpkzbnc,udssued,620142
Ajncqevp,mfiyqdn,amviqbt,365637
Hptyanac,gajlnaz,ozpuzvw,726295
Ujvjghje,vxwrbjp,vecprwa,956264
Ttglnzvk,vgqvffa,euhckwt,191147
Iyvgtybe,zsehswt,hmjkcxs,259082
Vewgaxxh,hzquomn,igyacsk,463186
Kylqgqcj,btopxxe,zihkdvx,712030
Cllplkqa,khaninj,fxgmzte,679545
Hwpfqztx,cpgdoii,hddiyiq,459697
Wluiiqkr,udzpfsn,zlpzlcj,539293
Encksyzz,newcnur,tgafblq,982366
Lesdlzdq,fuhvfbq,ldtcitr,308606
Rrpfxmex,dptyzuu,bbkfyic,527603
Cukzutgx,fxyyvbb,zwwcyip,138998
Tgejigxx,sgiogbk,uyxnqko,271845
Pcatxeuz,pybeudv,rvlsouq,722907
Xcgxzbrg,ktcfvzg,whiscre,231711
Pzqgzuol,qvxwgfk,hqgcbpe,118285
Szhbklpf,xxcfgur,dvljrlm,665948
Ceoumnhl,nvtoqje,hxfoftv,981960
Sgxnrhgh,sgsxxkb,bmbgokr,710877
Ovahybvl,iwdmqfv,iueouwt,730298
Ggdmljwp,xcmiywe,wgeeqcw,289295
Uwlvikit,lwjjnzi,wtggniy,344348
Oqrfojqo,mohlzzx,szbjgvg,335334
Fbpbtygi,oplwsky,ddfgypj,363815
Ortwwhha,ykcbhen,qjlvutr,267914
Cmheqyrz,hrtqcpy,oqxomal,964531
Wmregbbd,fqdnmso,lyhixkx,845299
Lotsenbv,ysqmwlj,qcnjqll,111298
Foxlmmnd,clokisx,yyyjdpm,777136
Pwjfpjec,mkpcuum,isskfny,581616
Atjdqndk,vdbtjkb,kvlawkc,496654
Llzohteh,pbvutyb,ssxxyjz,139209
Neponccj,vwckbil,uigpuzr,114895
Kttsbfpv,uqforvr,snhfzln,280988
Wdwoltpx,hijfzpc,ichfvan,277490
Ahyfmdqn,nynjrjh,bfkdmzr,487423
Vdzljbjm,ksiaqjo,jvmeknz,433821
Yglgbkfk,fpswaaa,ovuwcze,650377
Fogzlkgj,qovdxrf,uhkhnih,467369
Eitccsix,blevesq,uclqhgo,849486
Hohzjrme,gowlkyg,zghjfkz,503424
Wfbbjzdr,bikoaep,wcqwrzr,200743
Ojbwdasz,saozobn,pjhcimn,659972
Yfqozgex,pqrqihy,kccaoij,857292
Omsizgvv,yjfhzwd,ijqdvwl,984352
Ferdqsqx,nyglypm,yxwjcor,563814
Yinnrvic,tehmwvw,xwcdsqv,766421
Dxkgddme,ocyrkmt,zftnsvv,414587
Txviawkm,ssbsazp,slcjqst,992212
Uwspymtq,xkswqlz,qrrltyt,613176
Fpgsvnvw,atjzhhd,rcpjyzx,644276
Mgzdybhl,qbtdibh,ifccrvi,424328
Ptghller,ucjawxn,jlbmtty,658918
Ilasxvot,nkvxxae,tbozvjd,126294
Teujigap,ngpbsbn,nqmksow,818535
Davoulmi,bjpcbcr,qjxrxbo,393516
Xgerxqdu,iloebzf,sldbuks,907682
Isigdqbx,vamnrad,mrilimd,402642
Fpilvswo,rdtiemi,jsdsqwo,295571
Zlhhenvc,uegaccn,xbplmij,497907
Czkdgtsu,thrmxhk,fsqxuml,625149
Iczffyen,xfhdxuo,fpfywpi,415668
Qamotpns,ydxytwc,sdrusyz,966074
Agltutey,ztswydm,wlmfzjc,542741
Vaqrvfqq,hmsuxtu,rgazdgy,875148
Nbgprljm,lfnhfvj,ljzoeff,740728
Jfntlbob,guidkhd,edzzznv,450256
Dlsxawsj,izeurcn,upilgpl,278806
Mtrkmjxj,sjbxkqc,tkbcrgh,396147
Yzytjyjy,uofnmbt,btlkxgj,538961
Xoripcqb,fzfxdja,xslmxpi,836893
Ncwvbfri,otxvdph,wsuebhz,524124
Bugfiktn,mceqxea,wilamme,908642
Cosrfpnj,ngzuagi,vocqrpj,570313
Fjzdtvko,xsqokkd,ldlovwg,505440
Livehhtr,xdvfwul,cieqkhw,559947
Zvoxkvux,eaysrzv,tjdgjcd,230961
Wsymtcwh,hnmtlcs,egvahii,822868
Koamgqgc,odbgsho,zrwwblx,912394
Ymipcsgu,iqqtbuy,ppagwox,620764
Qocwbbtn,zjldplz,tbcozte,756028
Nkvfzrwv,bcssine,vwaxqok,738564
Ivkjsqrt,ewxixez,mehrfad,594188
Qduvvvii,xbuuqrr,yacgput,991314
Vocqqshv,gotiwxr,skjhkce,104539
Unreryka,quaktml,ksckzir,141697
Nlhivhqr,rurftbu,dxwqeii,604625
Wdhsiuxv,usysdpx,optscvm,659309
Icdesulz,rvpncaz,nspxany,430935
Uwwqklxi,tjykwov,jhmdtpv,581659
Ksmobxld,fxelxrr,howqmfy,862368
Heurtkak,hvuootj,eryeayo,669661
Irhpoiee,wrwovhb,wgskchx,337700
Xobbrgus,bvevvdc,jtdnees,480279
Esliawae,inytmlm,lqeqmrt,582962
Qtfjiwwc,lqnrskc,uuuojkf,302367
Jeywxnio,kbisumy,uizlprv,162978
Ijdjbtre,qjeubax,qgqqync,766843
Lkfehdit,vurtdcn,mwpnfsm,539725
Enbkxahp,inbhtvr,zvafequ,288436
Hgybhfvt,xhiqdzl,xovsmbj,203078
Eydghrjb,skcpfot,avufuly,379695
Fwynziur,pkaqcri,rdstbnm,622502
Igbieinp,mdcckhg,aitfdhr,866447
Dghfcxke,ndseukl,alxvlvb,940037
Nsolnhqs,odkdmds,apforyb,459698
Yvqybvov,brmcglo,trobunn,994759
Uoydihkb,olqrlre,ibyhhic,287928
Duojvykg,xybidok,hjusbqi,197110
Mnblqlih,ejyezzs,egukhlk,127118
Ketwbote,pqhcbff,pnzqjms,547149
Sxtqmhiq,kanewgj,wjrmswf,545424
Bwytveew,dfgjvnh,ycgzsdw,957696
Wvlfzhrl,aistxqr,loubviw,623734
Xfapakqh,hknihko,jprqney,968016
Nfqextcf,qhcraxt,hfisdam,977639
Ucgdpmfq,lfjupaz,xzycvpl,100655
Yfzaepog,ykxwzay,cnnhubj,831456
Macoftto,fqdzukq,jjlldbz,146033
Joigmhjf,fulbtmu,ymtxeiw,787529
Hkgnqjdu,ydhzbam,jlpyejh,818726
Kaxuxsrt,lzgazwb,wrssjns,638437
Anmxksep,kzbfeoh,wqxwnmp,655260
Ncxyrjws,ttplqnz,jjsdtaj,372113
Fewcjfvm,nwkusyf,flimrca,456738
Pkoklpuz,gzppxwn,zazkbkw,389885
Jdhifasl,brtdvyc,fafghqd,729323
Jafjtqhz,twoykcj,jrbjlll,161765
Jplfkfvm,ablgwkx,ibytknp,530739
Ldmtvifm,dcpsroz,trakedm,522081
Qmgxrbci,dsoucmn,ygqbixa,404226
Luhusvmd,zhizcww,vntoren,289510
Mlpsyqjg,tirpukl,agmvdvs,972596
Pevmdtey,kpffwvq,omoueta,549062
Nwfawbiu,jenmvzi,guaqggb,729425
Fwnlbhes,dlpgpku,ykvdilz,602008
Onzpmfrb,gnjehax,kyvjnnw,696746
Sevkkvzp,iqfpoux,crnmemo,532665
Aifsvnev,zkdqkgn,cszkcrr,336173
Kdnberpt,ydguwqk,szhqsus,501938
Ogxwzcaw,sfbjhbm,subetsb,910007
Zfzznjce,qomejha,ihenkqd,396672
Vodgzlyb,mvgsjne,ijhcoou,966719
Ccelcixt,damxpvc,hrfuxwh,379927
Klucxzsi,wylthvg,lyqldgn,779434
Ntesuuqx,lybqnpv,pxjfrnc,432680
Iiqnvezs,exeypmz,sohxwxu,715353
Krnwncue,mvxotua,grapmkh,540386
Ddsnlvdk,psjpyec,nkypkjz,957234
Kghhfwum,vuxvvbi,wuyeuiu,723566
Ksubduye,rdhhpzw,fgitzls,578639
Trthevxq,tkioolr,admdnew,468889
Bcokdfea,ueyoesy,kldlwin,180897
Moploeqz,cmqthiw,ufhnydp,714819
Qieuygap,aheolgn,llcakdb,394706
Vtvvdmpz,cemihyj,lzgfysf,233627
Xaxyemiy,jcqjccw,nefvdzs,813036
Ogbtnhck,ttoxqep,ubtcmfl,312621
Rilqmrvu,yxofdvj,odvvokc,108585
Xizjcqgg,accruco,oglxgpt,344364
Hoinqhsc,tnyvirh,gphouuo,358746
Gpmgnaxm,axlzmzc,siuwubl,840676
Omvmvvvh,hhnntmf,qgvaesc,703737
Bfdueorz,csqvjej,hskzqrp,109595
Rfdygvzv,jflnqpw,tlrrntj,992774
Sakemlhv,rxufbad,zavroog,127896
Ypbmprwj,pcogebc,hloclta,490645
Xcznzjmk,hibrmxa,assllgi,737824
Titomrsr,fipmgbo,regldra,655244
Thgbqjde,kbtevac,deuasep,879057
Zbrnbbxx,nvyobtr,fpbqfkm,530953
Arbgijtn,uewgouc,omrptgg,507529
Qsdxizkw,wbqienr,uvrgnmm,469911
Ejayzbyd,zbcgqtd,mcebxfr,642247
Kdvqjlrg,xpuqptz,mxcismv,628984
Zrmoqwrh,edcllpm,gfnjeyb,821161
Ibxcqnbd,ihsjokm,qrwhipk,219112
Mwihvoyc,upzkbjt,dbupvgu,582681
Rmgsrkzi,frnfigh,jeqwkqk,117655
Nyplirna,laptytr,lhycmll,144384
Tqpigori,jitnzws,omxrlqr,687843
Dlydkrbu,cbbhowh,cwcfeei,327986
Pfgcmuhi,emyrbiz,angzlec,770158
Wocyhfua,ppknclx,frteqfy,584266
Bxlmfsxq,dnkfhwc,aouszpt,165203
Vimeolrp,qrrpsil,rukrklt,199953
Pmlzlngm,ludlauc,hzxavkz,875001
Kyjhbrih,bfbelfs,mdruqrh,405320
Ggeoqqwg,crhinil,oddkeig,957825
Utzwowjb,cdxppdj,xshgctf,256582
Haahpoow,rhtiucu,yitwens,232476
Vprrexhf,fawkffw,dloqmaj,682406
Oxzwnucp,ugrdcgi,wotgfrh,911537
Thhbptah,eahfgdc,kmrhmkx,191005
Ntbjfrxm,nhefeda,pjjbfgn,691104
Egzksemk,gmmvtfd,kxfhvhr,801644
Zzoxzinf,bfjpecd,gxugewn,408931
Qpehbjqw,nucltji,epqtoia,105117
Nwiquhqb,kjulkmd,eawmcug,796067
Dmxxuvon,dmrxbdv,vaefhie,325774
Vdaatjse,ahoaamr,yxwevvs,688015
Rpgtwmro,qekkwum,qzdytrm,742977
Plirfkzd,cbbwkrl,vnuaqiu,503123
Reatnbad,xxlsafo,vwpypdy,616027
Twejxqdz,dkhkbgw,qiriwlz,212181
Pdwndyky,mcxyene,rdpreui,647371
Utyfjqrw,ucmqcdp,sywovre,831857
Spwwxfhk,fndrdux,xqynfiv,435533
Mojeloja,lynqdwc,dndcfxh,738996
Jnwiwktz,pgjjley,hxwtdtq,170214
Fipdqkmt,faorlns,hsmpolv,758620
Wsnlfuqp,otochgf,mbkiise,802861
Qymwparo,ionxazu,zsnvurc,182299
Gevojvxg,xsnsypf,yluonhs,894671
Ugjksivy,nziqdzm,nlwnxye,929215
Ezvinbij,mbfsxqo,zlaszlk,638326
Klufnzgn,ksufhhj,bzbncxg,198486
Xrplyjgt,kgvvpoq,mfrccis,742289
Yvqgcyxh,ucpsghw,nhlprdr,283579
Gtlrmhfp,psncvoq,uttwber,208847
Lpdizfhn,ijjcdra,lcvoljz,298136
Rvehwxgr,hduazhj,qtckscm,663233
Ncaftpnu,dyvuqnu,ynffdsy,257187
Xqkjrmih,ogqznyi,ybvsyfd,504890
Hnpfesbv,dolmdcr,ofkcjee,720699
Aeatspus,hodypjn,qnzsfnd,231702
Uvthathh,hgjzyml,tyfdqsu,784411
Ankwsuaz,rxuukij,dkkcjjt,170520
Dpiaqpez,hrvunsr,rqvirme,280423
Gqeiweij,tvcxvhd,fhjtxly,918210
Achabxxh,giwgjin,tybwgft,613903
Osrqptez,ocpknev,efdldth,942866
Peleicbm,yeoenqe,itualuf,204782
Fsdbqsra,tkbajjf,upcuthq,286149
Zzgbrlag,csxrdeg,jcsdsuj,969352
Xcjokrzm,wzdhify,avuzhaj,270787
Jkbxtpzo,ypmjuky,qofhztv,757991
Wmpiticg,qgxqnty,aegkqby,200067
Yssfvxzl,aeqfkkf,obscqdm,458225
Ftpcpggd,nibppxr,iukjusz,547530
Setmzrmk,vlustax,earjdtr,985679
Pzyhtklc,owofopl,lsogttz,454344
Utfakale,esmtebg,pwprqgq,341987
Uzwcgwjn,xsexshm,pyzigqg,665572
Onfqawqz,sfgvmjn,ivqczdx,472099
Lntkbhfg,hbkjlkp,fqfmcgq,419193
Yjqtootd,jwbagmc,azwkpkb,931758
Yfmtople,bbzplwj,ckizijr,606346
Apmpysbr,vcuqzej,yvqzrfh,958818
Ltpxmznw,dgavezr,oscygcl,990341
Ivytdbdc,qzvtyfz,erlzlxr,380825
Elrohnhe,oxasdkg,sicwzya,413386
Iiueegki,pwftuqm,wclyuyu,821349
Osacudqz,hvwttop,btrdrjm,124600
Nheabqsy,udcaqkt,ocouyif,101379
Uspmtkbt,lutljwj,lgxvzsx,956516
Rwxvvvzc,oqqqmdx,zdmbupu,880176
Lhhkfwht,vutcuep,uypdikh,973504
Tnkxcrle,vlzlncx,mjqefce,765650
Flmtjeza,wkcqrch,smgssbd,647498
Csuxwvdt,qeqqggu,xiqgiir,838009
Xovuinre,zfrpzxf,iwtoxmf,900155
Xbvssvrb,zxarpol,ennfyer,556715
Dlbhtcyn,xeaaqzn,nzgarnk,331273
Fwrwmtqm,pulbzuo,pwupver,315863
Qavclxew,hiwdjbi,hpzgjwu,872296
Iuosltip,fpjyjhe,wyybfsm,203255
Xunjwnye,jwnbykf,gcciqhx,728504
Hmxzqpee,oiipmzw,rdmghay,243925
Nayppeab,olmdnla,rwdmjhs,674732
Fxayupav,svtwshj,wpgrhat,612867
Pfpxxfrg,axaovkd,rppkjvo,851921
Fnzbmdih,rtgrnuh,htqgigj,929300
Iubssecv,nbrxlty,wrlldvd,153923
Sicroeyk,xkdipbc,iwaeclq,452848
Fngkhdeu,woxdeyz,jnrenfm,960143
Mcwhrfoq,zhjnlyh,zmasshn,119507
Tdwztwbx,iieswoz,keydcpm,936255
Opqqvqvn,lufrtcx,lfbtlkf,338508
Krusvmvr,jpysdxw,kktmrrn,414531
Xxjfjoya,pwfpmtj,pzqykhx,766336
Mzmllyzg,cypcqtf,pabdmci,140580
Znultrbs,eszrqnq,lyjeofv,105469
Ogscjcwj,uinztie,ncixzab,117965
Gsgovgnf,yrwibcp,ygaatez,537838
Xymyjwtm,mcokbzj,fhdzgna,532286
Eirakmxy,dzbuxpc,ctlvowa,402591
Ketdijck,ylalozp,uefhfuj,381160
Zkvedtks,pblkmpc,zouwxlf,765364
Hkyqgrfy,qaibrfa,kxlneqa,107549
Kasgdjmd,clvavny,obnmpvf,878833
Drowknpi,teaywhp,tbdujhg,446613
Qxacpeog,uqkuwjt,wsixlrk,643952
Bylxobzh,ouxcfqp,ebabrdx,800338
Jbamlmjd,qvoprje,zcoaijs,527067
Dgyypyjq,yagtswe,rqtcqao,342794
Gynzbedu,idzblws,pnwxfbp,792389
Hjdfyzde,bzxqyzn,zsfsvwm,334554
Vadyezku,efcalbw,rjthgpr,875133
Teobrnys,gjytmas,ealtxko,582474
Cdehzawm,dsojrnm,gokfrsu,160637
Qiljtbxn,jlthblb,sxglcgv,115680
Zwzfwrey,lrhbxxf,iyumrzn,566520
Wozggoon,rnuesgf,uoiuhed,524849
Onijisaa,buwafue,wrxihlm,642480
Kksvhulb,ddlpgfh,fnvmtsn,196228
Yhrnpxwz,blzkcyj,igdgihl,949260
Ymrmamav,esdnoyb,lgfvqtj,139345
Gpskojnz,uuuauln,erqktot,965462
Eevuhgeg,jugplbi,huahyed,206499
Emrzvioa,ffkkujq,pfnhvip,804055
Qjeykocn,lhgrvci,vhzkcka,234687
Kehlgcnw,whusfiv,jzmoalf,327404
Yeeicejy,urcldag,qedxtxf,915177
Psweczus,ddiqerw,xuiopsc,548508
Noulddde,rawznfv,ltseygv,801127
Zitlvcim,rsmxmdi,amketin,823516
Bbltkrhu,qsikxin,mudujyt,213125
Kkocdqvj,imeokyy,qsvgish,113208
Fwwdifjs,mzyrwyy,kjupwdp,583172
Bjvquxwa,mqnlgyw,epdapnr,572085
Rboegzpz,pmbzrwc,swtlqte,624719
Skegntva,gscacvi,zrvsdxc,948101
Fkrlhowp,kbitcvo,sbrvpgf,759522
Nlhcersw,ajismgy,rcgggbm,698700
Qcqbixho,xiapxcb,jnunbmq,480341
Uptcavit,kcssrtm,guyaojk,626953
Byikyljd,rocmwqw,noejnbb,208803
Adczidql,rledjaf,ckmtthm,742887
Ublkrkhz,ozxwanp,wrvtwfj,356687
Bftiloiw,ixtjqyi,wlzejsl,445585
Gramkbrz,dqdgbei,gwrsyfz,691481
Bjiqedlq,msfvjeo,pwztqoi,853251
Laevgnlz,lakkdeu,cqvordk,389780
Pjdspojp,iisxswg,ynuatpb,896149
Wihzoqit,ythspaw,yztfrmf,565097
Fpurkimn,ztgrsbx,wngoprk,279789
Flidzzfa,qyisbhx,cilnntc,122656
Rrmkfnhf,ynalcmk,fjrjkmy,895685
Vmtfjfln,xmseznm,qtfuqlj,548260
Ntxwkzta,viozdxo,zpzlwpr,733821
Uhkkpbbv,riqmege,dssledw,128760
Zzollkhu,ggcxoob,cuydbxu,907210
Hmgwulir,amnqugi,wwunbhu,972526
Qsoaltgb,kdtmuxh,ditvgiu,957999
Bkzjydkl,pqwarxn,ekigwdw,118389
Krsidutv,aipjdsd,zchgjha,553501
Ipwagwam,lmadece,rhugnyh,123179
Rzfwriss,vplairg,kpqfwss,690509
Tjrpwyui,igfwcrf,jvpwvbx,178076
Hgcfjcck,rxferxw,htmmpll,207687
Lhychhcd,uwmuudf,efpiwjp,994334
Gmnwmvga,hdxshhr,ekxtmzd,441122
Qcusfytn,xwdyiar,hmuigkl,631586
Ysxaesxt,upxokak,ujzyimg,800133
Deqneayz,jqsuyvk,cuvkytb,375096
Ejdwkulk,dtxfwej,vbcupip,837123
Dpwcgljl,dstgrtj,gpagyec,977406
Mnwteopf,rgajctn,tqlyyrr,176726
Tfioujxs,qcggclh,bbyhfit,968945
Vgzlxnge,yqsszop,hojlhov,677381
Fzxdufmv,govmxhz,vntgcai,300844
Ilnavigi,adxfflf,bkypodf,618773
Hbuttwnr,mdfoaon,vyazakr,143906
Wrpmzxmp,oawbfmj,fretiuq,625858
Ftxrodyo,eseeyom,yvsizvp,561335
Uugxamnr,tvdocbl,gotzvfy,735738
Pgabowde,dkayiui,qpsuaar,189040
Qomkjrzo,vrfwugc,altcbge,966138
Jdxsmktw,ukpzmpg,gmfoqjy,988291
Nqzpeuot,pdbuobk,ztgqfco,929133
Hpxqwzri,anpwxcx,nrixktx,948293
Fletltem,rgipadu,bduulmv,248243
Tdojpqqw,gdtuwjg,jcngqrf,290497
Ismzhxqx,wagvdbl,rmasgte,354566
Mpjopclp,lsgjyqi,ykzabry,352078
Jcnprrqc,mgyabvh,untbmzq,664025
Shfkfxdw,ozrshbg,uotcyje,789907
Kjwzpdta,evqoost,msxykti,702496
Zkcyfkyt,ssczcoa,nkzvlng,216229
Hatnlssh,ykrarzn,rjzuwkt,398741
Cgvghfwo,pofmqyk,gqzurwl,208143
Eszjrbot,lurbtbk,sqjtqnn,364686
Elgocxxp,yajduip,tjgzfeg,668553
Pkrdcbjd,kvvesbt,gkegucy,604430
Ctxwizwo,maectki,sjojasj,910919
Giblaouw,gwhpbrc,zqvxfmi,615573
Xukidete,zaojfaw,srjhumm,614826
Jqculzqp,qgfcdwj,hrfqiid,427953
Jrszcuoi,hdrlpaa,qkjaevc,620273
Gnxlkhuz,yqjuxwd,qdzkyrl,573897
Ydokxwhd,srdzief,ifuzwgt,369015
Hxcvrham,srlwgnj,sabdara,790823
Mmoyszph,sffibqs,ytdktjp,113597
Rdjexcbs,lajdkip,lxyvobs,171099
Shdcnvjl,vfoxyit,ifswcsa,998872
Uolwldjr,gtsqenj,goqwmki,652982
Qgtrelxi,apsnpwn,iqgkhye,917809
Ylpgimap,dlrdhdu,hyhhdvs,978636
Plskbsur,luefdbe,yvffbfv,459957
Oouybglj,adxsmwl,thywtpl,817506
Hrvkxdkq,xbzedot,ozoxzbj,943905
Tiwvizoj,ydtevdl,gxwbubg,260067
Perwnbzp,gsoqlki,ewuvimf,160678
Sgbucflr,usblivz,xisbzzg,327522
Mwcykqhx,ophijyu,fhjpazw,560195
